Player,Pos,year,sportsref_predicted_url
Quinten Rollins,CB,2015,https://www.sports-reference.com/cfb/players/quinten-rollins-1.html
Adoree Jackson,CB,2017,https://www.sports-reference.com/cfb/players/adoree-jackson-1.html
Ahkello Witherspoon,CB,2017,https://www.sports-reference.com/cfb/players/ahkello-witherspoon-1.html
Budda Baker,S,2017,https://www.sports-reference.com/cfb/players/budda-baker-1.html
Jabrill Peppers,S,2017,https://www.sports-reference.com/cfb/players/jabrill-peppers-1.html
Justin Evans,S,2017,https://www.sports-reference.com/cfb/players/justin-evans-1.html
Malik Hooker,S,2017,https://www.sports-reference.com/cfb/players/malik-hooker-1.html
Marcus Williams,S,2017,https://www.sports-reference.com/cfb/players/marcus-williams-1.html
Marlon Humphrey,CB,2017,https://www.sports-reference.com/cfb/players/marlon-humphrey-1.html
Marshon Lattimore,CB,2017,https://www.sports-reference.com/cfb/players/marshon-lattimore-1.html
Montae Nicholson,S,2017,https://www.sports-reference.com/cfb/players/montae-nicholson-1.html
Quincy Wilson,CB,2017,https://www.sports-reference.com/cfb/players/quincy-wilson-1.html
Rasul Douglas,CB,2017,https://www.sports-reference.com/cfb/players/rasul-douglas-1.html
Shalom Luani,S,2017,https://www.sports-reference.com/cfb/players/shalom-luani-1.html
Sidney Jones,CB,2017,https://www.sports-reference.com/cfb/players/sidney-jones-1.html
Treston DeCoud,CB,2017,https://www.sports-reference.com/cfb/players/treston-decoud-1.html
Armani Watts,S,2018,https://www.sports-reference.com/cfb/players/armani-watts-1.html
Avonte Maddox,CB,2018,https://www.sports-reference.com/cfb/players/avonte-maddox-1.html
Carlton Davis,CB,2018,https://www.sports-reference.com/cfb/players/carlton-davis-1.html
D.J. Reed,CB,2018,https://www.sports-reference.com/cfb/players/dj-reed-1.html
Dane Cruikshank,S,2018,https://www.sports-reference.com/cfb/players/dane-cruikshank-1.html
Denzel Ward,CB,2018,https://www.sports-reference.com/cfb/players/denzel-ward-1.html
Derwin James,S,2018,https://www.sports-reference.com/cfb/players/derwin-james-1.html
Deshon Elliott,S,2018,https://www.sports-reference.com/cfb/players/deshon-elliott-1.html
Donte Jackson,CB,2018,https://www.sports-reference.com/cfb/players/donte-jackson-1.html
Greg Stroman,CB,2018,https://www.sports-reference.com/cfb/players/greg-stroman-1.html
Isaac Yiadom,CB,2018,https://www.sports-reference.com/cfb/players/isaac-yiadom-1.html
Isaiah Oliver,CB,2018,https://www.sports-reference.com/cfb/players/isaiah-oliver-1.html
Jaire Alexander,CB,2018,https://www.sports-reference.com/cfb/players/jaire-alexander-1.html
Jessie Bates,S,2018,https://www.sports-reference.com/cfb/players/jessie-bates-1.html
Jordan Whitehead,S,2018,https://www.sports-reference.com/cfb/players/jordan-whitehead-1.html
Josh Jackson,CB,2018,https://www.sports-reference.com/cfb/players/josh-jackson-1.html
Justin Reid,S,2018,https://www.sports-reference.com/cfb/players/justin-reid-1.html
Kyzir White,S,2018,https://www.sports-reference.com/cfb/players/kyzir-white-1.html
M.J. Stewart,CB,2018,https://www.sports-reference.com/cfb/players/mj-stewart-1.html
Marcus Allen,S,2018,https://www.sports-reference.com/cfb/players/marcus-allen-1.html
Mike Hughes,CB,2018,https://www.sports-reference.com/cfb/players/mike-hughes-1.html
Minkah Fitzpatrick,DB,2018,https://www.sports-reference.com/cfb/players/minkah-fitzpatrick-1.html
Natrell Jamerson,S,2018,https://www.sports-reference.com/cfb/players/natrell-jamerson-1.html
Nick Nelson,CB,2018,https://www.sports-reference.com/cfb/players/nick-nelson-1.html
Ronnie Harrison,S,2018,https://www.sports-reference.com/cfb/players/ronnie-harrison-1.html
Taron Johnson,CB,2018,https://www.sports-reference.com/cfb/players/taron-johnson-1.html
Terrell Edmunds,S,2018,https://www.sports-reference.com/cfb/players/terrell-edmunds-1.html
Troy Apke,S,2018,https://www.sports-reference.com/cfb/players/troy-apke-1.html
Amani Hooker,S,2019,https://www.sports-reference.com/cfb/players/amani-hooker-1.html
Amani Oruwariye,CB,2019,https://www.sports-reference.com/cfb/players/amani-oruwariye-1.html
Byron Murphy,CB,2019,https://www.sports-reference.com/cfb/players/byron-murphy-1.html
Darnell Savage,S,2019,https://www.sports-reference.com/cfb/players/darnell-savage-1.html
David Long,CB,2019,https://www.sports-reference.com/cfb/players/david-long-1.html
Deandre Baker,CB,2019,https://www.sports-reference.com/cfb/players/deandre-baker-1.html
Deionte Thompson,S,2019,https://www.sports-reference.com/cfb/players/deionte-thompson-1.html
Donovan Wilson,S,2019,https://www.sports-reference.com/cfb/players/donovan-wilson-1.html
Greedy Williams,CB,2019,https://www.sports-reference.com/cfb/players/greedy-williams-1.html
Isaiah Johnson,CB,2019,https://www.sports-reference.com/cfb/players/isaiah-johnson-1.html
Jamel Dean,CB,2019,https://www.sports-reference.com/cfb/players/jamel-dean-1.html
Jaquan Johnson,S,2019,https://www.sports-reference.com/cfb/players/jaquan-johnson-1.html
Joejuan Williams,CB,2019,https://www.sports-reference.com/cfb/players/joejuan-williams-1.html
Johnathan Abram,S,2019,https://www.sports-reference.com/cfb/players/johnathan-abram-1.html
Jordan Miller,CB,2019,https://www.sports-reference.com/cfb/players/jordan-miller-1.html
Juan Thornhill,S,2019,https://www.sports-reference.com/cfb/players/juan-thornhill-1.html
Julian Love,CB,2019,https://www.sports-reference.com/cfb/players/julian-love-1.html
Justin Layne,CB,2019,https://www.sports-reference.com/cfb/players/justin-layne-1.html
Ken Webster,CB,2019,https://www.sports-reference.com/cfb/players/ken-webster-1.html
Kendall Sheffield,CB,2019,https://www.sports-reference.com/cfb/players/kendall-sheffield-1.html
Khari Willis,S,2019,https://www.sports-reference.com/cfb/players/khari-willis-1.html
Kris Boyd,CB,2019,https://www.sports-reference.com/cfb/players/kris-boyd-1.html
Lonnie Johnson,CB,2019,https://www.sports-reference.com/cfb/players/lonnie-johnson-1.html
Marquise Blair,S,2019,https://www.sports-reference.com/cfb/players/marquise-blair-1.html
Marvell Tell,S,2019,https://www.sports-reference.com/cfb/players/marvell-tell-1.html
Mike Edwards,CB,2019,https://www.sports-reference.com/cfb/players/mike-edwards-1.html
Mike Jackson,CB,2019,https://www.sports-reference.com/cfb/players/mike-jackson-1.html
Nasir Adderley,S,2019,https://www.sports-reference.com/cfb/players/nasir-adderley-1.html
Rashad Fenton,CB,2019,https://www.sports-reference.com/cfb/players/rashad-fenton-1.html
Rock Ya-Sin,CB,2019,https://www.sports-reference.com/cfb/players/rock-ya-sin-1.html
Saquan Hampton,S,2019,https://www.sports-reference.com/cfb/players/saquan-hampton-1.html
Sheldrick Redwine,S,2019,https://www.sports-reference.com/cfb/players/sheldrick-redwine-1.html
Taylor Rapp,S,2019,https://www.sports-reference.com/cfb/players/taylor-rapp-1.html
Trayvon Mullen,CB,2019,https://www.sports-reference.com/cfb/players/trayvon-mullen-1.html
Ugo Amadi,S,2019,https://www.sports-reference.com/cfb/players/ugo-amadi-1.html
Will Harris,S,2019,https://www.sports-reference.com/cfb/players/will-harris-1.html
Xavier Crawford,CB,2019,https://www.sports-reference.com/cfb/players/xavier-crawford-1.html
A.J. Terrell,CB,2020,https://www.sports-reference.com/cfb/players/aj-terrell-1.html
Alohi Gilman,S,2020,https://www.sports-reference.com/cfb/players/alohi-gilman-1.html
Amik Robertson,CB,2020,https://www.sports-reference.com/cfb/players/amik-robertson-1.html
Antoine Brooks Jr.,S,2020,https://www.sports-reference.com/cfb/players/antoine-brooks-jr-1.html
Antoine Winfield Jr.,S,2020,https://www.sports-reference.com/cfb/players/antoine-winfield-jr-1.html
Ashtyn Davis,S,2020,https://www.sports-reference.com/cfb/players/ashtyn-davis-1.html
BoPete Keyes,CB,2020,https://www.sports-reference.com/cfb/players/bopete-keyes-1.html
Brandon Jones,S,2020,https://www.sports-reference.com/cfb/players/brandon-jones-1.html
Bryce Hall,CB,2020,https://www.sports-reference.com/cfb/players/bryce-hall-1.html
C.J. Henderson,CB,2020,https://www.sports-reference.com/cfb/players/cj-henderson-1.html
Cameron Dantzler,CB,2020,https://www.sports-reference.com/cfb/players/cameron-dantzler-1.html
Damon Arnette,CB,2020,https://www.sports-reference.com/cfb/players/damon-arnette-1.html
Dane Jackson,CB,2020,https://www.sports-reference.com/cfb/players/dane-jackson-1.html
Daniel Thomas,S,2020,https://www.sports-reference.com/cfb/players/daniel-thomas-1.html
Darnay Holmes,CB,2020,https://www.sports-reference.com/cfb/players/darnay-holmes-1.html
Geno Stone,S,2020,https://www.sports-reference.com/cfb/players/geno-stone-1.html
Grant Delpit,S,2020,https://www.sports-reference.com/cfb/players/grant-delpit-1.html
Harrison Hand,CB,2020,https://www.sports-reference.com/cfb/players/harrison-hand-1.html
Jaylinn Hawkins,S,2020,https://www.sports-reference.com/cfb/players/jaylinn-hawkins-1.html
Jaylon Johnson,CB,2020,https://www.sports-reference.com/cfb/players/jaylon-johnson-1.html
Jeff Gladney,CB,2020,https://www.sports-reference.com/cfb/players/jeff-gladney-1.html
Jeff Okudah,CB,2020,https://www.sports-reference.com/cfb/players/jeff-okudah-1.html
John Reid,CB,2020,https://www.sports-reference.com/cfb/players/john-reid-1.html
Jordan Fuller,S,2020,https://www.sports-reference.com/cfb/players/jordan-fuller-1.html
Josh Metellus,S,2020,https://www.sports-reference.com/cfb/players/josh-metellus-1.html
Josiah Scott,CB,2020,https://www.sports-reference.com/cfb/players/josiah-scott-1.html
Julian Blackmon,S,2020,https://www.sports-reference.com/cfb/players/julian-blackmon-1.html
K'Von Wallace,S,2020,https://www.sports-reference.com/cfb/players/kvon-wallace-1.html
Kindle Vildor,CB,2020,https://www.sports-reference.com/cfb/players/kindle-vildor-1.html
Kristian Fulton,CB,2020,https://www.sports-reference.com/cfb/players/kristian-fulton-1.html
L'Jarius Sneed,S,2020,https://www.sports-reference.com/cfb/players/ljarius-sneed-1.html
Michael Ojemudia,CB,2020,https://www.sports-reference.com/cfb/players/michael-ojemudia-1.html
Noah Igbinoghene,CB,2020,https://www.sports-reference.com/cfb/players/noah-igbinoghene-1.html
Reggie Robinson II,CB,2020,https://www.sports-reference.com/cfb/players/reggie-robinson-ii-1.html
Stantley Thomas-Oliver,CB,2020,https://www.sports-reference.com/cfb/players/stantley-thomas-oliver-1.html
Tanner Muse,S,2020,https://www.sports-reference.com/cfb/players/tanner-muse-1.html
Terrell Burgess,S,2020,https://www.sports-reference.com/cfb/players/terrell-burgess-1.html
Trevon Diggs,CB,2020,https://www.sports-reference.com/cfb/players/trevon-diggs-1.html
Troy Pride,CB,2020,https://www.sports-reference.com/cfb/players/troy-pride-1.html
Xavier McKinney,S,2020,https://www.sports-reference.com/cfb/players/xavier-mckinney-1.html
Aaron Robinson,DB,2021,https://www.sports-reference.com/cfb/players/aaron-robinson-1.html
Ambry Thomas,DB,2021,https://www.sports-reference.com/cfb/players/ambry-thomas-1.html
Andre Cisco,DB,2021,https://www.sports-reference.com/cfb/players/andre-cisco-1.html
Avery Williams,CB,2021,https://www.sports-reference.com/cfb/players/avery-williams-1.html
Benjamin St-Juste,DB,2021,https://www.sports-reference.com/cfb/players/benjamin-st-juste-1.html
Brady Breeze,S,2021,https://www.sports-reference.com/cfb/players/brady-breeze-1.html
Caden Sterns,DB,2021,https://www.sports-reference.com/cfb/players/caden-sterns-1.html
Damar Hamlin,DB,2021,https://www.sports-reference.com/cfb/players/damar-hamlin-1.html
Darren Hall,CB,2021,https://www.sports-reference.com/cfb/players/darren-hall-1.html
Darrick Forrest,S,2021,https://www.sports-reference.com/cfb/players/darrick-forrest-1.html
Deommodore Lenoir,CB,2021,https://www.sports-reference.com/cfb/players/deommodore-lenoir-1.html
Divine Deablo,DB,2021,https://www.sports-reference.com/cfb/players/divine-deablo-1.html
Elijah Molden,DB,2021,https://www.sports-reference.com/cfb/players/elijah-molden-1.html
Eric Stokes,DB,2021,https://www.sports-reference.com/cfb/players/eric-stokes-1.html
Greg Newsome,DB,2021,https://www.sports-reference.com/cfb/players/greg-newsome-1.html
Hamsah Nasirildeen,DB,2021,https://www.sports-reference.com/cfb/players/hamsah-nasirildeen-1.html
Ifeatu Melifonwu,DB,2021,https://www.sports-reference.com/cfb/players/ifeatu-melifonwu-1.html
Israel Mukuamu,DB,2021,https://www.sports-reference.com/cfb/players/israel-mukuamu-1.html
Jacoby Stevens,S,2021,https://www.sports-reference.com/cfb/players/jacoby-stevens-1.html
Jamar Johnson,DB,2021,https://www.sports-reference.com/cfb/players/jamar-johnson-1.html
James Wiggins,S,2021,https://www.sports-reference.com/cfb/players/james-wiggins-1.html
Jamien Sherwood,DB,2021,https://www.sports-reference.com/cfb/players/jamien-sherwood-1.html
Jaycee Horn,DB,2021,https://www.sports-reference.com/cfb/players/jaycee-horn-1.html
Jevon Holland,S,2021,https://www.sports-reference.com/cfb/players/jevon-holland-1.html
Joshuah Bledsoe,S,2021,https://www.sports-reference.com/cfb/players/joshuah-bledsoe-1.html
Kary Vincent Jr.,CB,2021,https://www.sports-reference.com/cfb/players/kary-vincent-jr-1.html
Keith Taylor,DB,2021,https://www.sports-reference.com/cfb/players/keith-taylor-1.html
Kelvin Joseph,DB,2021,https://www.sports-reference.com/cfb/players/kelvin-joseph-1.html
Marco Wilson,CB,2021,https://www.sports-reference.com/cfb/players/marco-wilson-1.html
Mark Webb,DB,2021,https://www.sports-reference.com/cfb/players/mark-webb-1.html
Nahshon Wright,DB,2021,https://www.sports-reference.com/cfb/players/nahshon-wright-1.html
Paulson Adebo,CB,2021,https://www.sports-reference.com/cfb/players/paulson-adebo-1.html
Rachad Wildgoose,CB,2021,https://www.sports-reference.com/cfb/players/rachad-wildgoose-1.html
Richard LeCounte,DB,2021,https://www.sports-reference.com/cfb/players/richard-lecounte-1.html
Richie Grant,DB,2021,https://www.sports-reference.com/cfb/players/richie-grant-1.html
Rodarius Williams,CB,2021,https://www.sports-reference.com/cfb/players/rodarius-williams-1.html
Shaun Wade,CB,2021,https://www.sports-reference.com/cfb/players/shaun-wade-1.html
Shawn Davis,DB,2021,https://www.sports-reference.com/cfb/players/shawn-davis-1.html
Talanoa Hufanga,S,2021,https://www.sports-reference.com/cfb/players/talanoa-hufanga-1.html
Tre Brown,CB,2021,https://www.sports-reference.com/cfb/players/tre-brown-1.html
Tre Norwood,DB,2021,https://www.sports-reference.com/cfb/players/tre-norwood-1.html
Trevon Moehrig,S,2021,https://www.sports-reference.com/cfb/players/trevon-moehrig-1.html
Tyree Gillespie,S,2021,https://www.sports-reference.com/cfb/players/tyree-gillespie-1.html
Tyson Campbell,DB,2021,https://www.sports-reference.com/cfb/players/tyson-campbell-1.html
Akayleb Evans,CB,2022,https://www.sports-reference.com/cfb/players/akayleb-evans-1.html
Alontae Taylor,CB,2022,https://www.sports-reference.com/cfb/players/alontae-taylor-1.html
Andrew Booth,CB,2022,https://www.sports-reference.com/cfb/players/andrew-booth-1.html
Bryan Cook,S,2022,https://www.sports-reference.com/cfb/players/bryan-cook-1.html
Cam Taylor-Britt,CB,2022,https://www.sports-reference.com/cfb/players/cam-taylor-britt-1.html
Chase Lucas,CB,2022,https://www.sports-reference.com/cfb/players/chase-lucas-1.html
Cobie Durant,CB,2022,https://www.sports-reference.com/cfb/players/cobie-durant-1.html
Coby Bryant,CB,2022,https://www.sports-reference.com/cfb/players/coby-bryant-1.html
Cordale Flott,CB,2022,https://www.sports-reference.com/cfb/players/cordale-flott-1.html
Damarion Williams,CB,2022,https://www.sports-reference.com/cfb/players/damarion-williams-1.html
Damarri Mathis,CB,2022,https://www.sports-reference.com/cfb/players/damarri-mathis-1.html
Dane Belton,S,2022,https://www.sports-reference.com/cfb/players/dane-belton-1.html
Delarrin Turner-Yell,S,2022,https://www.sports-reference.com/cfb/players/delarrin-turner-yell-1.html
Derek Stingley,CB,2022,https://www.sports-reference.com/cfb/players/derek-stingley-1.html
Derion Kendrick,CB,2022,https://www.sports-reference.com/cfb/players/derion-kendrick-1.html
JT Woods,S,2022,https://www.sports-reference.com/cfb/players/jt-woods-1.html
Jack Jones,CB,2022,https://www.sports-reference.com/cfb/players/jack-jones-1.html
Jalen Pitre,S,2022,https://www.sports-reference.com/cfb/players/jalen-pitre-1.html
Jalyn Armour-Davis,CB,2022,https://www.sports-reference.com/cfb/players/jalyn-armour-davis-1.html
Jaquan Brisker,S,2022,https://www.sports-reference.com/cfb/players/jaquan-brisker-1.html
Jaylen Watson,CB,2022,https://www.sports-reference.com/cfb/players/jaylen-watson-1.html
Kaiir Elam,CB,2022,https://www.sports-reference.com/cfb/players/kaiir-elam-1.html
Kerby Joseph,S,2022,https://www.sports-reference.com/cfb/players/kerby-joseph-1.html
Kyle Hamilton,S,2022,https://www.sports-reference.com/cfb/players/kyle-hamilton-1.html
Kyler Gordon,CB,2022,https://www.sports-reference.com/cfb/players/kyler-gordon-1.html
Lewis Cine,S,2022,https://www.sports-reference.com/cfb/players/lewis-cine-1.html
Marcus Jones,CB,2022,https://www.sports-reference.com/cfb/players/marcus-jones-1.html
Martin Emerson,CB,2022,https://www.sports-reference.com/cfb/players/martin-emerson-1.html
Montaric Brown,CB,2022,https://www.sports-reference.com/cfb/players/montaric-brown-1.html
Nick Cross,S,2022,https://www.sports-reference.com/cfb/players/nick-cross-1.html
Percy Butler,S,2022,https://www.sports-reference.com/cfb/players/percy-butler-1.html
Quentin Lake,S,2022,https://www.sports-reference.com/cfb/players/quentin-lake-1.html
Roger McCreary,CB,2022,https://www.sports-reference.com/cfb/players/roger-mccreary-1.html
Tariq Castro-Fields,CB,2022,https://www.sports-reference.com/cfb/players/tariq-castro-fields-1.html
Trent McDuffie,CB,2022,https://www.sports-reference.com/cfb/players/trent-mcduffie-1.html
Tycen Anderson,S,2022,https://www.sports-reference.com/cfb/players/tycen-anderson-1.html
Zyon McCollum,CB,2022,https://www.sports-reference.com/cfb/players/zyon-mccollum-1.html
Alex Austin,CB,2023,https://www.sports-reference.com/cfb/players/alex-austin-1.html
Antonio Johnson,DB,2023,https://www.sports-reference.com/cfb/players/antonio-johnson-1.html
Brian Branch,CB,2023,https://www.sports-reference.com/cfb/players/brian-branch-1.html
Cam Smith,CB,2023,https://www.sports-reference.com/cfb/players/cam-smith-1.html
Cameron Mitchell,CB,2023,https://www.sports-reference.com/cfb/players/cameron-mitchell-1.html
Carrington Valentine,CB,2023,https://www.sports-reference.com/cfb/players/carrington-valentine-1.html
Chamarri Conner,DB,2023,https://www.sports-reference.com/cfb/players/chamarri-conner-1.html
Christian Gonzalez,CB,2023,https://www.sports-reference.com/cfb/players/christian-gonzalez-1.html
Christopher Smith,DB,2023,https://www.sports-reference.com/cfb/players/christopher-smith-1.html
Clark Phillips III,CB,2023,https://www.sports-reference.com/cfb/players/clark-phillips-iii-1.html
Cory Trice,CB,2023,https://www.sports-reference.com/cfb/players/cory-trice-1.html
DJ Turner,CB,2023,https://www.sports-reference.com/cfb/players/dj-turner-1.html
Daniel Scott,DB,2023,https://www.sports-reference.com/cfb/players/daniel-scott-1.html
Darius Rush,CB,2023,https://www.sports-reference.com/cfb/players/darius-rush-1.html
Darrell Luter Jr.,CB,2023,https://www.sports-reference.com/cfb/players/darrell-luter-jr-1.html
DeMarcco Hellams,DB,2023,https://www.sports-reference.com/cfb/players/demarcco-hellams-1.html
Deonte Banks,CB,2023,https://www.sports-reference.com/cfb/players/deonte-banks-1.html
Devon Witherspoon,CB,2023,https://www.sports-reference.com/cfb/players/devon-witherspoon-1.html
Emmanuel Forbes,CB,2023,https://www.sports-reference.com/cfb/players/emmanuel-forbes-1.html
Garrett Williams,CB,2023,https://www.sports-reference.com/cfb/players/garrett-williams-1.html
Gervarrius Owens,DB,2023,https://www.sports-reference.com/cfb/players/gervarrius-owens-1.html
JL Skinner,DB,2023,https://www.sports-reference.com/cfb/players/jl-skinner-1.html
Jakorian Bennett,CB,2023,https://www.sports-reference.com/cfb/players/jakorian-bennett-1.html
Jammie Robinson,DB,2023,https://www.sports-reference.com/cfb/players/jammie-robinson-1.html
Jay Ward,CB,2023,https://www.sports-reference.com/cfb/players/jay-ward-1.html
Jaylon Jones,CB,2023,https://www.sports-reference.com/cfb/players/jaylon-jones-1.html
Ji'Ayir Brown,DB,2023,https://www.sports-reference.com/cfb/players/jiayir-brown-1.html
Joey Porter Jr.,CB,2023,https://www.sports-reference.com/cfb/players/joey-porter-jr-1.html
Jordan Battle,DB,2023,https://www.sports-reference.com/cfb/players/jordan-battle-1.html
Jordan Howden,DB,2023,https://www.sports-reference.com/cfb/players/jordan-howden-1.html
Kelee Ringo,CB,2023,https://www.sports-reference.com/cfb/players/kelee-ringo-1.html
Mekhi Blackmon,CB,2023,https://www.sports-reference.com/cfb/players/mekhi-blackmon-1.html
Nic Jones,CB,2023,https://www.sports-reference.com/cfb/players/nic-jones-1.html
Riley Moss,CB,2023,https://www.sports-reference.com/cfb/players/riley-moss-1.html
Sydney Brown,DB,2023,https://www.sports-reference.com/cfb/players/sydney-brown-1.html
Tyrique Stevenson,CB,2023,https://www.sports-reference.com/cfb/players/tyrique-stevenson-1.html
Andru Phillips,CB,2024,https://www.sports-reference.com/cfb/players/andru-phillips-1.html
Caelen Carson,CB,2024,https://www.sports-reference.com/cfb/players/caelen-carson-1.html
Calen Bullock,SAF,2024,https://www.sports-reference.com/cfb/players/calen-bullock-1.html
Cam Hart,CB,2024,https://www.sports-reference.com/cfb/players/cam-hart-1.html
Chau Smith-Wade,CB,2024,https://www.sports-reference.com/cfb/players/chau-smith-wade-1.html
Cole Bishop,SAF,2024,https://www.sports-reference.com/cfb/players/cole-bishop-1.html
Cooper DeJean,CB,2024,https://www.sports-reference.com/cfb/players/cooper-dejean-1.html
Dadrion Taylor-Demerson,SAF,2024,https://www.sports-reference.com/cfb/players/dadrion-taylor-demerson-1.html
Daijahn Anthony,SAF,2024,https://www.sports-reference.com/cfb/players/daijahn-anthony-1.html
Deantre Prince,CB,2024,https://www.sports-reference.com/cfb/players/deantre-prince-1.html
Decamerion Richardson,CB,2024,https://www.sports-reference.com/cfb/players/decamerion-richardson-1.html
Elijah Jones,CB,2024,https://www.sports-reference.com/cfb/players/elijah-jones-1.html
Ennis Rakestraw Jr.,CB,2024,https://www.sports-reference.com/cfb/players/ennis-rakestraw-jr-1.html
Evan Williams,SAF,2024,https://www.sports-reference.com/cfb/players/evan-williams-1.html
Jaden Hicks,SAF,2024,https://www.sports-reference.com/cfb/players/jaden-hicks-1.html
James Williams,SAF,2024,https://www.sports-reference.com/cfb/players/james-williams-1.html
Jarrian Jones,CB,2024,https://www.sports-reference.com/cfb/players/jarrian-jones-1.html
Jarvis Brownlee,CB,2024,https://www.sports-reference.com/cfb/players/jarvis-brownlee-1.html
Javon Bullard,SAF,2024,https://www.sports-reference.com/cfb/players/javon-bullard-1.html
Jaylin Simpson,SAF,2024,https://www.sports-reference.com/cfb/players/jaylin-simpson-1.html
Jaylon Carlies,SAF,2024,https://www.sports-reference.com/cfb/players/jaylon-carlies-1.html
Josh Newton,CB,2024,https://www.sports-reference.com/cfb/players/josh-newton-1.html
Kamal Hadden,CB,2024,https://www.sports-reference.com/cfb/players/kamal-hadden-1.html
Kamari Lassiter,CB,2024,https://www.sports-reference.com/cfb/players/kamari-lassiter-1.html
Kamren Kinchens,SAF,2024,https://www.sports-reference.com/cfb/players/kamren-kinchens-1.html
Kool-Aid McKinstry,CB,2024,https://www.sports-reference.com/cfb/players/kool-aid-mckinstry-1.html
Kris Abrams-Draine,CB,2024,https://www.sports-reference.com/cfb/players/kris-abrams-draine-1.html
Malik Mustapha,SAF,2024,https://www.sports-reference.com/cfb/players/malik-mustapha-1.html
Marcellas Dial,CB,2024,https://www.sports-reference.com/cfb/players/marcellas-dial-1.html
Max Melton,CB,2024,https://www.sports-reference.com/cfb/players/max-melton-1.html
Mike Sainristil,CB,2024,https://www.sports-reference.com/cfb/players/mike-sainristil-1.html
Nate Wiggins,CB,2024,https://www.sports-reference.com/cfb/players/nate-wiggins-1.html
Nehemiah Pritchett,CB,2024,https://www.sports-reference.com/cfb/players/nehemiah-pritchett-1.html
Quinyon Mitchell,CB,2024,https://www.sports-reference.com/cfb/players/quinyon-mitchell-1.html
Renardo Green,CB,2024,https://www.sports-reference.com/cfb/players/renardo-green-1.html
Sione Vaki,SAF,2024,https://www.sports-reference.com/cfb/players/sione-vaki-1.html
Tarheeb Still,CB,2024,https://www.sports-reference.com/cfb/players/tarheeb-still-1.html
Terrion Arnold,CB,2024,https://www.sports-reference.com/cfb/players/terrion-arnold-1.html
Tykee Smith,SAF,2024,https://www.sports-reference.com/cfb/players/tykee-smith-1.html
Tyler Nubin,SAF,2024,https://www.sports-reference.com/cfb/players/tyler-nubin-1.html
Andrew Mukuba,SAF,2025,https://www.sports-reference.com/cfb/players/andrew-mukuba-1.html
Azareye'h Thomas,CB,2025,https://www.sports-reference.com/cfb/players/azareyeh-thomas-1.html
Benjamin Morrison,CB,2025,https://www.sports-reference.com/cfb/players/benjamin-morrison-1.html
Billy Bowman Jr.,SAF,2025,https://www.sports-reference.com/cfb/players/billy-bowman-jr-1.html
Craig Woodson,SAF,2025,https://www.sports-reference.com/cfb/players/craig-woodson-1.html
Dante Trader Jr.,SAF,2025,https://www.sports-reference.com/cfb/players/dante-trader-jr-1.html
Darien Porter,CB,2025,https://www.sports-reference.com/cfb/players/darien-porter-1.html
Denzel Burke,CB,2025,https://www.sports-reference.com/cfb/players/denzel-burke-1.html
Dorian Strong,CB,2025,https://www.sports-reference.com/cfb/players/dorian-strong-1.html
Jacob Parrish,CB,2025,https://www.sports-reference.com/cfb/players/jacob-parrish-1.html
Jahdae Barron,CB,2025,https://www.sports-reference.com/cfb/players/jahdae-barron-1.html
Jason Marshall Jr.,CB,2025,https://www.sports-reference.com/cfb/players/jason-marshall-jr-1.html
Jaylen Reed,SAF,2025,https://www.sports-reference.com/cfb/players/jaylen-reed-1.html
Jaylin Smith,CB,2025,https://www.sports-reference.com/cfb/players/jaylin-smith-1.html
Jonas Sanker,SAF,2025,https://www.sports-reference.com/cfb/players/jonas-sanker-1.html
Jordan Hancock,CB,2025,https://www.sports-reference.com/cfb/players/jordan-hancock-1.html
Kevin Winston Jr.,SAF,2025,https://www.sports-reference.com/cfb/players/kevin-winston-jr-1.html
Lathan Ransom,SAF,2025,https://www.sports-reference.com/cfb/players/lathan-ransom-1.html
Malachi Moore,SAF,2025,https://www.sports-reference.com/cfb/players/malachi-moore-1.html
Malaki Starks,SAF,2025,https://www.sports-reference.com/cfb/players/malaki-starks-1.html
Maxwell Hairston,CB,2025,https://www.sports-reference.com/cfb/players/maxwell-hairston-1.html
Nick Emmanwori,SAF,2025,https://www.sports-reference.com/cfb/players/nick-emmanwori-1.html
Nohl Williams,CB,2025,https://www.sports-reference.com/cfb/players/nohl-williams-1.html
Quincy Riley,CB,2025,https://www.sports-reference.com/cfb/players/quincy-riley-1.html
R.J. Mickens,SAF,2025,https://www.sports-reference.com/cfb/players/rj-mickens-1.html
Rayuan Lane III,SAF,2025,https://www.sports-reference.com/cfb/players/rayuan-lane-iii-1.html
Shavon Revel Jr.,CB,2025,https://www.sports-reference.com/cfb/players/shavon-revel-jr-1.html
Trey Amos,CB,2025,https://www.sports-reference.com/cfb/players/trey-amos-1.html
Upton Stout,CB,2025,https://www.sports-reference.com/cfb/players/upton-stout-1.html
Will Johnson,CB,2025,https://www.sports-reference.com/cfb/players/will-johnson-1.html
Xavier Watts,SAF,2025,https://www.sports-reference.com/cfb/players/xavier-watts-1.html
