assisted_tackles,awards,class,combined_tackles,conference,expected_draft_year,final_season_year,forced_fumbles,fumble_recoveries,fumble_recovery_tds,fumble_recovery_yards,games,interception_tds,interception_yards,interceptions,page_url,passes_defended,player,pos,sacks,school,scraped_at,solo_tackles,source_type,tfl
19,,SR,72,MAC,,2014,1,0,0,0,12,1,35,7,https://www.sports-reference.com/cfb/players/quinten-rollins-1.html,9,Quinten Rollins,DB,0.0,Miami (OH),2026-04-01T19:26:27.479Z,53,season_totals,4.0
9,AA,JR,55,Pac-12,,2016,0,2,0,26,13,0,21,5,https://www.sports-reference.com/cfb/players/adoree-jackson-1.html,11,Adoree Jackson,CB/DB,0.0,USC,2026-04-01T19:26:33.704Z,46,season_totals,2.0
4,,SR,23,Pac-12,,2016,1,1,0,0,14,0,0,1,https://www.sports-reference.com/cfb/players/ahkello-witherspoon-1.html,22,Ahkello Witherspoon,DB,0.0,Colorado,2026-04-01T19:26:39.816Z,19,season_totals,0.0
22,AA,JR,71,Pac-12,,2016,1,0,0,0,14,0,18,2,https://www.sports-reference.com/cfb/players/budda-baker-1.html,6,Budda Baker,DB,3.0,Washington,2026-04-01T19:26:46.026Z,49,season_totals,10.0
25,"H-5,AA",JR,72,Big Ten,,2016,1,0,0,0,12,0,11,1,https://www.sports-reference.com/cfb/players/jabrill-peppers-1.html,0,Jabrill Peppers,DB/S/LB,4.0,Michigan,2026-04-01T19:26:51.848Z,47,season_totals,16.0
35,,SR,87,SEC,,2016,0,0,0,0,13,0,0,4,https://www.sports-reference.com/cfb/players/justin-evans-1.html,8,Justin Evans,DB,0.0,Texas A&M,2026-04-01T19:26:57.615Z,52,season_totals,5.0
31,AA,SO,74,Big Ten,,2016,0,0,0,0,13,3,181,7,https://www.sports-reference.com/cfb/players/malik-hooker-1.html,4,Malik Hooker,S,0.5,Ohio State,2026-04-01T19:27:03.713Z,43,season_totals,5.5
0,,SR,0,CUSA,,2012,0,0,0,0,7,0,0,0,https://www.sports-reference.com/cfb/players/marcus-williams-1.html,0,Marcus Williams,WR,0.0,Houston,2026-04-01T19:27:09.766Z,0,season_totals,0.0
10,,SO,36,SEC,,2016,1,0,0,0,15,1,18,2,https://www.sports-reference.com/cfb/players/marlon-humphrey-1.html,5,Marlon Humphrey,DB,0.0,Alabama,2026-04-01T19:27:15.766Z,26,season_totals,3.0
11,,SO,41,Big Ten,,2016,0,0,0,0,13,1,61,4,https://www.sports-reference.com/cfb/players/marshon-lattimore-1.html,9,Marshon Lattimore,CB,0.0,Ohio State,2026-04-01T19:27:21.843Z,30,season_totals,1.0
47,,JR,86,Big Ten,,2016,0,1,0,0,11,0,10,1,https://www.sports-reference.com/cfb/players/montae-nicholson-1.html,2,Montae Nicholson,DB/S,0.0,Michigan State,2026-04-01T19:27:27.787Z,39,season_totals,2.0
21,,SR,70,Big 12,,2016,1,0,0,0,13,1,101,8,https://www.sports-reference.com/cfb/players/rasul-douglas-1.html,8,Rasul Douglas,CB,1.0,West Virginia,2026-04-01T19:27:39.808Z,49,season_totals,3.5
21,,SR,68,Pac-12,,2016,1,0,0,0,12,0,109,4,https://www.sports-reference.com/cfb/players/shalom-luani-1.html,6,Shalom Luani,S,2.0,Washington State,2026-04-01T19:27:45.898Z,47,season_totals,8.5
12,,JR,39,Pac-12,,2016,2,0,0,0,14,0,0,3,https://www.sports-reference.com/cfb/players/sidney-jones-1.html,6,Sidney Jones,DB,0.0,Washington,2026-04-01T19:27:51.849Z,27,season_totals,2.5
12,,SR,58,Pac-12,,2016,0,0,0,0,12,1,88,2,https://www.sports-reference.com/cfb/players/treston-decoud-1.html,10,Treston Decoud,CB,0.0,Oregon State,2026-04-01T19:27:58.137Z,46,season_totals,2.0
30,,SR,87,SEC,,2017,2,2,0,18,12,0,15,4,https://www.sports-reference.com/cfb/players/armani-watts-1.html,5,Armani Watts,DB,0.5,Texas A&M,2026-04-01T19:28:04.104Z,57,season_totals,10.0
7,,SR,27,ACC,,2017,3,1,0,7,10,0,3,2,https://www.sports-reference.com/cfb/players/avonte-maddox-1.html,11,Avonte Maddox,DB,4.0,Pitt,2026-04-01T19:28:10.202Z,20,season_totals,4.0
9,,JR,36,SEC,,2017,1,1,0,12,13,0,0,1,https://www.sports-reference.com/cfb/players/carlton-davis-1.html,11,Carlton Davis,DB,0.0,Auburn,2026-04-01T19:28:16.215Z,27,season_totals,0.5
20,,SR,75,Pac-12,,2017,1,0,0,0,13,0,65,3,https://www.sports-reference.com/cfb/players/dane-cruikshank-1.html,5,Dane Cruikshank,CB,1.5,Arizona,2026-04-01T19:28:28.347Z,55,season_totals,5.5
35,,SO,84,ACC,,2017,0,0,0,0,12,1,41,2,https://www.sports-reference.com/cfb/players/derwin-james-1.html,11,Derwin James,DB,1.0,Florida State,2026-04-01T19:28:40.335Z,49,season_totals,5.5
13,AA,JR,63,Big 12,,2017,3,1,0,0,12,2,127,6,https://www.sports-reference.com/cfb/players/deshon-elliott-1.html,9,DeShon Elliott,S/DB,1.5,Texas,2026-04-01T19:28:46.399Z,50,season_totals,8.5
17,,JR,49,SEC,,2017,0,0,0,0,13,0,0,1,https://www.sports-reference.com/cfb/players/donte-jackson-1.html,10,Donte Jackson,DB,1.0,LSU,2026-04-01T19:28:52.421Z,32,season_totals,3.5
6,,SR,20,ACC,,2017,0,0,0,0,13,1,47,4,https://www.sports-reference.com/cfb/players/greg-stroman-1.html,11,Greg Stroman,CB/WR/DB,0.0,Virginia Tech,2026-04-01T19:28:58.430Z,14,season_totals,0.0
17,,SR,53,ACC,,2017,0,0,0,0,13,0,30,2,https://www.sports-reference.com/cfb/players/isaac-yiadom-1.html,7,Isaac Yiadom,DB,0.0,Boston College,2026-04-01T19:29:05.325Z,36,season_totals,1.0
7,,JR,26,Pac-12,,2017,0,0,0,0,10,0,41,2,https://www.sports-reference.com/cfb/players/isaiah-oliver-1.html,13,Isaiah Oliver,WR/DB,0.0,Colorado,2026-04-01T19:29:10.569Z,19,season_totals,0.0
6,,JR,19,ACC,,2017,0,0,0,0,6,0,0,1,https://www.sports-reference.com/cfb/players/jaire-alexander-1.html,4,Jaire Alexander,CB,0.0,Louisville,2026-04-01T19:29:16.384Z,13,season_totals,1.0
29,,SO,79,ACC,,2017,1,0,0,0,11,0,37,1,https://www.sports-reference.com/cfb/players/jessie-bates-1.html,5,Jessie Bates,DB,0.0,Wake Forest,2026-04-01T19:29:22.526Z,50,season_totals,6.0
19,,JR,60,ACC,,2017,0,1,0,0,9,0,0,1,https://www.sports-reference.com/cfb/players/jordan-whitehead-1.html,4,Jordan Whitehead,DB,0.0,Pitt,2026-04-01T19:29:28.381Z,41,season_totals,0.0
7,,SR,24,Ind,,2012,0,0,0,0,9,0,0,0,https://www.sports-reference.com/cfb/players/josh-jackson-1.html,0,Josh Jackson,DB,0.0,Army,2026-04-01T19:29:38.179Z,17,season_totals,0.5
47,,JR,99,Pac-12,,2017,0,1,0,0,14,0,1,5,https://www.sports-reference.com/cfb/players/justin-reid-1.html,6,Justin Reid,S,1.0,Stanford,2026-04-01T19:29:38.964Z,52,season_totals,6.5
28,,SR,94,Big 12,,2017,2,1,0,0,13,0,2,3,https://www.sports-reference.com/cfb/players/kyzir-white-1.html,4,Kyzir White,S,1.0,West Virginia,2026-04-01T19:29:44.771Z,66,season_totals,7.5
12,,SR,45,ACC,,2017,0,0,0,0,12,0,0,0,https://www.sports-reference.com/cfb/players/mj-stewart-1.html,12,M.J. Stewart,CB,2.0,North Carolina,2026-04-01T19:29:50.863Z,33,season_totals,5.0
0,,SR,0,WAC,,2010,0,0,0,0,12,0,0,0,https://www.sports-reference.com/cfb/players/marcus-allen-1.html,0,Marcus Allen,WR,0.0,New Mexico State,2026-04-01T19:29:56.970Z,0,season_totals,0.0
22,"Bednarik,AA",JR,60,SEC,,2017,1,0,0,0,13,0,0,1,https://www.sports-reference.com/cfb/players/minkah-fitzpatrick-1.html,8,Minkah Fitzpatrick,DB,1.5,Alabama,2026-04-01T19:30:08.961Z,38,season_totals,8.0
19,,SR,51,Big Ten,,2017,0,0,0,0,14,1,40,2,https://www.sports-reference.com/cfb/players/natrell-jamerson-1.html,10,Natrell Jamerson,WR/CB/S,1.5,Wisconsin,2026-04-01T19:30:15.048Z,32,season_totals,3.5
31,,JR,74,SEC,,2017,0,0,0,0,14,0,7,3,https://www.sports-reference.com/cfb/players/ronnie-harrison-1.html,4,Ronnie Harrison,DB,2.5,Alabama,2026-04-01T19:30:27.028Z,43,season_totals,4.5
30,,JR,59,ACC,,2017,0,0,0,0,10,0,70,2,https://www.sports-reference.com/cfb/players/terrell-edmunds-1.html,4,Terrell Edmunds,LB/S,1.5,Virginia Tech,2026-04-01T19:30:37.719Z,29,season_totals,2.5
17,,JR,28,Big Ten,,2016,0,1,0,0,10,0,10,1,https://www.sports-reference.com/cfb/players/troy-apke-1.html,0,Troy Apke,S,0.0,Penn State,2026-04-01T19:30:43.979Z,11,season_totals,0.0
29,,JR,65,Big Ten,,2018,0,0,0,0,13,0,60,4,https://www.sports-reference.com/cfb/players/amani-hooker-1.html,7,Amani Hooker,DB,1.0,Iowa,2026-04-01T19:30:49.948Z,36,season_totals,3.5
11,,SR,51,Big Ten,,2018,1,0,0,0,13,0,-2,3,https://www.sports-reference.com/cfb/players/amani-oruwariye-1.html,12,Amani Oruwariye,CB,0.0,Penn State,2026-04-01T19:30:56.191Z,40,season_totals,2.0
21,,SO,58,Pac-12,,2018,1,0,0,0,14,1,78,4,https://www.sports-reference.com/cfb/players/byron-murphy-1.html,13,Byron Murphy,DB,0.0,Washington,2026-04-01T19:31:01.906Z,37,season_totals,4.0
2,AA,SR,11,SEC,,2018,0,0,0,0,13,0,0,0,https://www.sports-reference.com/cfb/players/deandre-baker-1.html,3,Deandre Baker,CB/DB,0.0,Georgia,2026-04-01T19:31:20.132Z,9,season_totals,1.0
31,AA,JR,79,SEC,,2018,4,1,0,0,15,0,65,2,https://www.sports-reference.com/cfb/players/deionte-thompson-1.html,6,Deionte Thompson,DB,0.0,Alabama,2026-04-01T19:31:26.209Z,48,season_totals,3.5
0,,SR,0,MAC,,2017,0,0,0,0,12,0,0,0,https://www.sports-reference.com/cfb/players/donovan-wilson-1.html,0,Donovan Wilson,RB,0.0,Bowling Green,2026-04-01T19:31:32.228Z,0,season_totals,0.0
10,AA,SO,33,SEC,,2018,0,0,0,0,12,0,20,2,https://www.sports-reference.com/cfb/players/greedy-williams-1.html,9,Greedy Williams,CB,0.0,LSU,2026-04-01T19:31:38.546Z,23,season_totals,0.0
21,,SR,72,ACC,,2014,2,2,0,7,13,0,19,1,https://www.sports-reference.com/cfb/players/isaiah-johnson-1.html,5,Isaiah Johnson,DB/S,0.0,Georgia Tech,2026-04-01T19:31:44.335Z,51,season_totals,3.0
9,,JR,30,SEC,,2018,0,1,0,0,12,0,0,2,https://www.sports-reference.com/cfb/players/jamel-dean-1.html,9,Jamel Dean,DB,1.0,Auburn,2026-04-01T19:31:50.151Z,21,season_totals,2.0
48,,SR,92,ACC,,2018,2,0,0,0,11,0,9,2,https://www.sports-reference.com/cfb/players/jaquan-johnson-1.html,1,Jaquan Johnson,DB,0.0,Miami (FL),2026-04-01T19:31:56.270Z,44,season_totals,1.5
13,,JR,61,SEC,,2018,0,0,0,0,13,0,8,4,https://www.sports-reference.com/cfb/players/joejuan-williams-1.html,14,Joejuan Williams,CB,0.0,Vanderbilt,2026-04-01T19:32:02.144Z,48,season_totals,2.0
46,,SR,99,SEC,,2018,1,1,0,6,13,0,9,2,https://www.sports-reference.com/cfb/players/johnathan-abram-1.html,5,Johnathan Abram,S/DB,3.0,Mississippi State,2026-04-01T19:32:08.063Z,53,season_totals,9.0
36,,SR,98,ACC,,2018,0,0,0,0,13,0,141,6,https://www.sports-reference.com/cfb/players/juan-thornhill-1.html,7,Juan Thornhill,S,0.0,Virginia,2026-04-01T19:32:20.154Z,62,season_totals,4.5
14,AA,JR,63,Ind,,2018,0,3,1,42,13,0,4,1,https://www.sports-reference.com/cfb/players/julian-love-1.html,16,Julian Love,CB,0.0,Notre Dame,2026-04-01T19:32:26.137Z,49,season_totals,3.0
28,,JR,72,Big Ten,,2018,0,0,0,0,12,0,6,1,https://www.sports-reference.com/cfb/players/justin-layne-1.html,15,Justin Layne,WR/CB,0.5,Michigan State,2026-04-01T19:32:32.093Z,44,season_totals,2.5
8,,JR,35,Big Ten,,2018,1,0,0,0,14,0,0,2,https://www.sports-reference.com/cfb/players/kendall-sheffield-1.html,8,Kendall Sheffield,CB,0.0,Ohio State,2026-04-01T19:32:43.065Z,27,season_totals,2.0
43,,SR,84,Big Ten,,2018,1,0,0,0,13,0,30,2,https://www.sports-reference.com/cfb/players/khari-willis-1.html,10,Khari Willis,S,0.0,Michigan State,2026-04-01T19:32:49.177Z,41,season_totals,1.0
18,,SR,67,Big 12,,2018,1,1,0,0,14,0,0,1,https://www.sports-reference.com/cfb/players/kris-boyd-1.html,16,Kris Boyd,CB/DB,1.0,Texas,2026-04-01T19:32:55.205Z,49,season_totals,4.5
15,,SR,59,Pac-12,,2018,1,0,0,0,14,0,5,2,https://www.sports-reference.com/cfb/players/marquise-blair-1.html,2,Marquise Blair,DB,0.0,Utah,2026-04-01T19:33:07.324Z,44,season_totals,2.0
9,,SR,34,SEC,,2018,0,0,0,0,13,0,16,3,https://www.sports-reference.com/cfb/players/rashad-fenton-1.html,6,Rashad Fenton,CB/DB,0.0,South Carolina,2026-04-01T19:33:35.849Z,25,season_totals,2.5
11,,SR,47,American,,2018,0,0,0,0,12,0,-1,2,https://www.sports-reference.com/cfb/players/rock-ya-sin-1.html,12,Rock Ya-Sin,CB,0.0,Temple,2026-04-01T19:33:42.147Z,36,season_totals,2.0
21,,SR,65,Big Ten,,2018,0,1,0,0,12,0,3,3,https://www.sports-reference.com/cfb/players/saquan-hampton-1.html,13,Saquan Hampton,DB,0.0,Rutgers,2026-04-01T19:33:48.020Z,44,season_totals,3.0
29,,SR,64,ACC,,2018,1,1,0,7,13,0,14,3,https://www.sports-reference.com/cfb/players/sheldrick-redwine-1.html,2,Sheldrick Redwine,DB,3.0,Miami (FL),2026-04-01T19:33:54.024Z,35,season_totals,3.5
6,,JR,36,ACC,,2018,1,0,0,0,15,0,46,1,https://www.sports-reference.com/cfb/players/trayvon-mullen-1.html,3,Trayvon Mullen,CB,2.0,Clemson,2026-04-01T19:34:07.286Z,30,season_totals,4.0
12,,SR,55,Pac-12,,2018,1,0,0,0,13,2,70,3,https://www.sports-reference.com/cfb/players/ugo-amadi-1.html,8,Ugo Amadi,CB/DB/S,1.5,Oregon,2026-04-01T19:34:12.394Z,43,season_totals,5.0
10,,JR,34,ACC,,2019,0,0,0,0,15,0,65,2,https://www.sports-reference.com/cfb/players/aj-terrell-1.html,4,A.J. Terrell,CB,0.5,Clemson,2026-04-01T19:34:30.498Z,24,season_totals,0.5
42,,SR,74,Ind,,2019,3,1,0,0,13,0,0,1,https://www.sports-reference.com/cfb/players/alohi-gilman-1.html,2,Alohi Gilman,S,1.0,Notre Dame,2026-04-01T19:34:36.731Z,32,season_totals,3.0
16,,JR,60,CUSA,,2019,1,1,0,0,12,2,97,5,https://www.sports-reference.com/cfb/players/amik-robertson-1.html,16,Amik Robertson,CB,1.0,Louisiana Tech,2026-04-01T19:34:42.471Z,44,season_totals,8.0
26,AA,SO,88,Big Ten,,2019,2,0,0,0,13,1,111,7,https://www.sports-reference.com/cfb/players/antoine-winfield-jr-1.html,1,Antoine Winfield Jr.,DB,3.0,Minnesota,2026-04-01T19:34:53.293Z,62,season_totals,3.5
24,,SR,57,Pac-12,,2019,2,2,0,0,11,0,31,2,https://www.sports-reference.com/cfb/players/ashtyn-davis-1.html,4,Ashtyn Davis,CB/S,0.0,California,2026-04-01T19:34:59.506Z,33,season_totals,1.0
3,,FR,9,Pac-10,,2007,0,0,0,0,12,0,0,0,https://www.sports-reference.com/cfb/players/brandon-jones-1.html,0,Brandon Jones,DB,0.0,California,2026-04-01T19:35:09.943Z,6,season_totals,0.0
7,,SR,20,ACC,,2019,0,0,0,0,6,0,0,0,https://www.sports-reference.com/cfb/players/bryce-hall-1.html,4,Bryce Hall,DB/CB,1.0,Virginia,2026-04-01T19:35:15.977Z,13,season_totals,3.0
7,,JR,33,SEC,,2019,0,0,0,0,9,0,0,0,https://www.sports-reference.com/cfb/players/cj-henderson-1.html,11,C.J. Henderson,CB/DB,1.0,Florida,2026-04-01T19:35:22.081Z,26,season_totals,3.0
9,,JR,40,SEC,,2019,1,1,0,0,9,0,0,2,https://www.sports-reference.com/cfb/players/cameron-dantzler-1.html,8,Cameron Dantzler,DB/CB,0.5,Mississippi State,2026-04-01T19:35:28.117Z,31,season_totals,2.0
8,,SR,35,Big Ten,,2019,1,0,0,0,13,1,96,1,https://www.sports-reference.com/cfb/players/damon-arnette-1.html,8,Damon Arnette,CB,0.0,Ohio State,2026-04-01T19:35:34.238Z,27,season_totals,1.0
13,,SR,43,ACC,,2019,0,0,0,0,13,0,21,1,https://www.sports-reference.com/cfb/players/dane-jackson-1.html,12,Dane Jackson,DB,0.5,Pitt,2026-04-01T19:35:40.175Z,30,season_totals,3.0
0,,SR,1,Big 12,,2010,0,0,0,0,13,0,0,0,https://www.sports-reference.com/cfb/players/daniel-thomas-1.html,0,Daniel Thomas,RB,0.0,Kansas State,2026-04-01T19:35:46.348Z,1,season_totals,0.0
10,,JR,34,Pac-12,,2019,0,1,0,0,10,0,0,2,https://www.sports-reference.com/cfb/players/darnay-holmes-1.html,6,Darnay Holmes,DB,0.0,UCLA,2026-04-01T19:35:52.290Z,24,season_totals,1.0
24,,JR,70,Big Ten,,2019,3,1,0,0,13,0,0,1,https://www.sports-reference.com/cfb/players/geno-stone-1.html,4,Geno Stone,DB,1.0,Iowa,2026-04-01T19:35:58.280Z,46,season_totals,3.0
27,AA,JR,65,SEC,,2019,1,1,0,0,14,0,0,2,https://www.sports-reference.com/cfb/players/grant-delpit-1.html,7,Grant Delpit,S,2.0,LSU,2026-04-01T19:36:04.405Z,38,season_totals,4.5
16,,SR,56,Pac-12,,2019,2,0,0,0,13,0,29,3,https://www.sports-reference.com/cfb/players/jaylinn-hawkins-1.html,2,Jaylinn Hawkins,CB/S,2.0,California,2026-04-01T19:36:15.337Z,40,season_totals,4.5
2,,JR,36,Pac-12,,2019,0,0,0,0,13,1,39,2,https://www.sports-reference.com/cfb/players/jaylon-johnson-1.html,11,Jaylon Johnson,DB,0.0,Utah,2026-04-01T19:36:21.162Z,34,season_totals,1.0
7,,SR,31,Big 12,,2019,0,0,0,0,12,0,0,1,https://www.sports-reference.com/cfb/players/jeff-gladney-1.html,14,Jeff Gladney,CB,0.5,Texas Christian,2026-04-01T19:36:29.318Z,24,season_totals,1.5
11,,SR,37,Big Ten,,2019,0,0,0,0,13,1,61,2,https://www.sports-reference.com/cfb/players/john-reid-1.html,8,John Reid,CB,1.0,Penn State,2026-04-01T19:36:37.970Z,26,season_totals,2.5
20,,SR,62,Big Ten,,2019,0,1,0,0,14,0,26,2,https://www.sports-reference.com/cfb/players/jordan-fuller-1.html,4,Jordan Fuller,S,0.0,Ohio State,2026-04-01T19:36:44.014Z,42,season_totals,0.0
33,,SR,74,Big Ten,,2019,0,1,0,0,13,0,0,2,https://www.sports-reference.com/cfb/players/josh-metellus-1.html,5,Josh Metellus,S/DB,0.0,Michigan,2026-04-01T19:36:49.746Z,41,season_totals,4.0
17,,JR,55,Big Ten,,2019,1,1,0,5,13,0,34,3,https://www.sports-reference.com/cfb/players/josiah-scott-1.html,7,Josiah Scott,CB,0.0,Michigan State,2026-04-01T19:36:55.903Z,38,season_totals,0.0
19,,SR,60,Pac-12,,2019,2,0,0,0,13,1,39,4,https://www.sports-reference.com/cfb/players/julian-blackmon-1.html,4,Julian Blackmon,DB,1.5,Utah,2026-04-01T19:37:01.947Z,41,season_totals,4.0
23,,SR,71,ACC,,2019,0,0,0,0,15,1,66,2,https://www.sports-reference.com/cfb/players/kvon-wallace-1.html,10,K'Von Wallace,DB/S,2.0,Clemson,2026-04-01T19:37:07.921Z,48,season_totals,3.0
4,,SR,27,Sun Belt,,2019,0,0,0,0,11,0,0,2,https://www.sports-reference.com/cfb/players/kindle-vildor-1.html,6,Kindle Vildor,CB,0.0,Georgia Southern,2026-04-01T19:37:13.788Z,23,season_totals,3.0
10,,SR,38,SEC,,2019,0,0,0,0,15,0,0,1,https://www.sports-reference.com/cfb/players/kristian-fulton-1.html,14,Kristian Fulton,DB/CB,0.0,LSU,2026-04-01T19:37:19.930Z,28,season_totals,1.0
30,,SR,73,CUSA,,2019,0,0,0,0,13,1,68,3,https://www.sports-reference.com/cfb/players/ljarius-sneed-1.html,6,L'Jarius Sneed,CB/S,0.0,Louisiana Tech,2026-04-01T19:37:25.984Z,43,season_totals,3.5
11,,SR,52,Big Ten,,2019,0,1,0,0,12,0,12,3,https://www.sports-reference.com/cfb/players/michael-ojemudia-1.html,9,Michael Ojemudia,DB,0.0,Iowa,2026-04-01T19:37:31.969Z,41,season_totals,1.0
14,,JR,42,SEC,,2019,0,0,0,0,13,0,0,0,https://www.sports-reference.com/cfb/players/noah-igbinoghene-1.html,7,Noah Igbinoghene,WR/DB,0.0,Auburn,2026-04-01T19:37:37.987Z,28,season_totals,1.0
18,,SR,55,ACC,,2019,0,0,0,0,15,0,13,4,https://www.sports-reference.com/cfb/players/tanner-muse-1.html,3,Tanner Muse,S,2.0,Clemson,2026-04-01T19:37:53.855Z,37,season_totals,6.0
31,,SR,81,Pac-12,,2019,0,2,0,5,14,0,29,1,https://www.sports-reference.com/cfb/players/terrell-burgess-1.html,5,Terrell Burgess,DB,0.5,Utah,2026-04-01T19:37:59.590Z,50,season_totals,7.5
17,,SR,37,SEC,,2019,0,2,1,100,12,1,79,3,https://www.sports-reference.com/cfb/players/trevon-diggs-1.html,8,Trevon Diggs,WR/DB,0.0,Alabama,2026-04-01T19:38:06.319Z,20,season_totals,0.5
36,,JR,95,SEC,,2019,4,1,0,0,13,1,78,3,https://www.sports-reference.com/cfb/players/xavier-mckinney-1.html,5,Xavier McKinney,DB,3.0,Alabama,2026-04-01T19:38:16.412Z,59,season_totals,5.5
4,,JR,11,ACC,,2020,0,0,0,0,2,0,29,1,https://www.sports-reference.com/cfb/players/andre-cisco-1.html,0,Andre Cisco,DB,0.0,Syracuse,2026-04-01T19:38:34.748Z,7,season_totals,0.5
19,,SR,45,CUSA,,2007,0,0,0,0,12,0,0,0,https://www.sports-reference.com/cfb/players/avery-williams-1.html,0,Avery Williams,DL,4.0,Tulane,2026-04-01T19:38:40.766Z,26,season_totals,11.0
3,,JR,14,Big Ten,,2020,0,0,0,0,5,0,0,0,https://www.sports-reference.com/cfb/players/benjamin-st-juste-1.html,3,Benjamin St-Juste,DB,0.0,Minnesota,2026-04-01T19:38:47.088Z,11,season_totals,0.0
22,,JR,52,Big 12,,2020,0,0,0,0,7,0,0,1,https://www.sports-reference.com/cfb/players/caden-sterns-1.html,3,Caden Sterns,DB,0.0,Texas,2026-04-01T19:38:58.658Z,30,season_totals,1.5
30,,SR,66,ACC,,2020,0,0,0,0,10,0,4,2,https://www.sports-reference.com/cfb/players/damar-hamlin-1.html,7,Damar Hamlin,DB,0.0,Pitt,2026-04-01T19:39:05.194Z,36,season_totals,3.5
7,,JR,38,MWC,,2020,0,0,0,0,8,1,72,3,https://www.sports-reference.com/cfb/players/darren-hall-1.html,6,Darren Hall,S/CB,0.0,San Diego State,2026-04-01T19:39:10.725Z,31,season_totals,2.0
9,,SR,40,American,,2020,0,0,0,0,10,0,22,2,https://www.sports-reference.com/cfb/players/darrick-forrest-1.html,1,Darrick Forrest,S,0.0,Cincinnati,2026-04-01T19:39:16.785Z,31,season_totals,1.0
10,,SR,35,Pac-12,,2020,1,0,0,0,7,0,24,1,https://www.sports-reference.com/cfb/players/deommodore-lenoir-1.html,0,Deommodore Lenoir,CB,0.0,Oregon,2026-04-01T19:39:22.881Z,25,season_totals,0.0
23,,SR,55,ACC,,2020,1,0,0,0,9,0,5,4,https://www.sports-reference.com/cfb/players/divine-deablo-1.html,4,Divine Deablo,WR/DB,0.0,Virginia Tech,2026-04-01T19:39:29.154Z,32,season_totals,2.0
5,,SR,26,Pac-12,,2020,0,0,0,0,4,0,24,1,https://www.sports-reference.com/cfb/players/elijah-molden-1.html,1,Elijah Molden,DB,0.0,Washington,2026-04-01T19:39:35.220Z,21,season_totals,1.0
8,,SR,13,ACC,,2020,0,0,0,0,2,0,25,1,https://www.sports-reference.com/cfb/players/hamsah-nasirildeen-1.html,1,Hamsah Nasirildeen,DB,0.0,Florida State,2026-04-01T19:39:51.699Z,5,season_totals,1.5
13,,JR,55,ACC,,2020,0,0,0,0,11,0,0,1,https://www.sports-reference.com/cfb/players/ifeatu-melifonwu-1.html,9,Ifeatu Melifonwu,DB,1.0,Syracuse,2026-04-01T19:39:57.844Z,42,season_totals,3.0
4,,JR,10,SEC,,2020,0,0,0,0,6,0,56,2,https://www.sports-reference.com/cfb/players/israel-mukuamu-1.html,0,Israel Mukuamu,DB,0.0,South Carolina,2026-04-01T19:40:04.015Z,6,season_totals,0.0
30,,SR,63,SEC,,2020,1,3,0,0,10,0,0,0,https://www.sports-reference.com/cfb/players/jacoby-stevens-1.html,4,JaCoby Stevens,WR/S,3.0,LSU,2026-04-01T19:40:09.981Z,33,season_totals,6.0
10,,JR,43,Big Ten,,2020,1,0,0,0,8,0,94,4,https://www.sports-reference.com/cfb/players/jamar-johnson-1.html,4,Jamar Johnson,DB,1.0,Indiana,2026-04-01T19:40:15.889Z,33,season_totals,3.5
7,,SR,32,American,,2020,1,0,0,0,9,0,0,1,https://www.sports-reference.com/cfb/players/james-wiggins-1.html,6,James Wiggins,S,1.0,Cincinnati,2026-04-01T19:40:21.907Z,25,season_totals,1.0
31,,JR,75,SEC,,2020,0,2,0,7,11,0,0,0,https://www.sports-reference.com/cfb/players/jamien-sherwood-1.html,3,Jamien Sherwood,DB,1.0,Auburn,2026-04-01T19:40:27.700Z,44,season_totals,3.0
6,,JR,16,SEC,,2020,0,0,0,0,7,0,34,2,https://www.sports-reference.com/cfb/players/jaycee-horn-1.html,6,Jaycee Horn,DB,0.0,South Carolina,2026-04-01T19:40:33.956Z,10,season_totals,1.0
13,,SR,41,SEC,,2020,1,1,0,0,10,0,0,1,https://www.sports-reference.com/cfb/players/joshuah-bledsoe-1.html,6,Joshuah Bledsoe,S,0.0,Missouri,2026-04-01T19:40:46.147Z,28,season_totals,2.5
11,,SO,25,SEC,,2020,0,0,0,0,9,1,62,4,https://www.sports-reference.com/cfb/players/kelvin-joseph-1.html,1,Kelvin Joseph,CB/DB,0.0,Kentucky,2026-04-01T19:41:03.965Z,14,season_totals,0.5
9,,JR,33,SEC,,2020,0,1,0,4,10,0,0,0,https://www.sports-reference.com/cfb/players/marco-wilson-1.html,4,Marco Wilson,CB/DB,0.0,Florida,2026-04-01T19:41:09.912Z,24,season_totals,0.0
11,,SR,21,SEC,,2020,0,0,0,0,8,0,13,1,https://www.sports-reference.com/cfb/players/mark-webb-1.html,2,Mark Webb,DB,0.0,Georgia,2026-04-01T19:41:16.051Z,10,season_totals,0.0
7,,JR,30,Pac-12,,2020,1,0,0,0,6,0,0,2,https://www.sports-reference.com/cfb/players/nahshon-wright-1.html,4,Nahshon Wright,DB,1.0,Oregon State,2026-04-01T19:41:21.897Z,23,season_totals,1.0
0,,JR,6,Big Ten,,2020,0,0,0,0,2,0,0,0,https://www.sports-reference.com/cfb/players/rachad-wildgoose-1.html,1,Rachad Wildgoose,CB,0.0,Wisconsin,2026-04-01T19:41:34.069Z,6,season_totals,2.0
23,,SR,72,American,,2020,2,2,0,0,9,0,25,3,https://www.sports-reference.com/cfb/players/richie-grant-1.html,5,Richie Grant,DB,1.0,UCF,2026-04-01T19:41:44.972Z,49,season_totals,3.5
5,,SR,18,Big 12,,2020,1,0,0,0,9,0,0,0,https://www.sports-reference.com/cfb/players/rodarius-williams-1.html,7,Rodarius Williams,CB,0.0,Oklahoma State,2026-04-01T19:41:50.863Z,13,season_totals,1.0
11,AA,JR,35,Big Ten,,2020,0,0,0,0,8,1,36,2,https://www.sports-reference.com/cfb/players/shaun-wade-1.html,4,Shaun Wade,CB,0.0,Ohio State,2026-04-01T19:41:56.744Z,24,season_totals,1.0
22,AA,JR,62,Pac-12,,2020,2,0,0,0,6,0,90,4,https://www.sports-reference.com/cfb/players/talanoa-hufanga-1.html,1,Talanoa Hufanga,S,3.0,USC,2026-04-01T19:42:08.885Z,40,season_totals,5.5
4,,SR,5,SEC,,2018,0,0,0,0,13,0,0,0,https://www.sports-reference.com/cfb/players/tre-brown-1.html,0,Tre Brown,DL/DT,0.0,Mississippi State,2026-04-01T19:42:15.034Z,1,season_totals,0.0
11,,JR,23,Big 12,,2020,0,0,0,0,11,1,98,5,https://www.sports-reference.com/cfb/players/tre-norwood-1.html,2,Tre Norwood,CB/DB,0.0,Oklahoma,2026-04-01T19:42:21.151Z,12,season_totals,0.0
15,,SR,46,SEC,,2020,0,0,0,0,9,0,0,0,https://www.sports-reference.com/cfb/players/tyree-gillespie-1.html,4,Tyree Gillespie,S,0.0,Missouri,2026-04-01T19:42:31.904Z,31,season_totals,0.5
8,,JR,29,SEC,,2020,0,0,0,0,10,0,40,1,https://www.sports-reference.com/cfb/players/tyson-campbell-1.html,5,Tyson Campbell,DB,0.0,Georgia,2026-04-01T19:42:37.938Z,21,season_totals,3.0
3,,SR,30,SEC,,2021,2,0,0,0,11,0,0,1,https://www.sports-reference.com/cfb/players/akayleb-evans-1.html,6,Akayleb Evans,DB/CB,0.0,Missouri,2026-04-01T19:42:43.756Z,27,season_totals,1.0
19,,SR,60,SEC,,2021,1,0,0,0,12,1,85,2,https://www.sports-reference.com/cfb/players/alontae-taylor-1.html,6,Alontae Taylor,DB,0.0,Tennessee,2026-04-01T19:42:49.958Z,41,season_totals,1.0
4,,SR,34,Pac-12,,2021,0,0,0,0,10,0,0,0,https://www.sports-reference.com/cfb/players/chase-lucas-1.html,6,Chase Lucas,DB,0.0,Arizona State,2026-04-01T19:43:11.604Z,30,season_totals,1.0
11,,SR,46,American,,2021,3,0,0,0,14,1,95,3,https://www.sports-reference.com/cfb/players/coby-bryant-1.html,11,Coby Bryant,S/CB,0.0,Cincinnati,2026-04-01T19:43:22.554Z,35,season_totals,1.0
13,,JR,41,SEC,,2021,1,0,0,0,11,0,0,1,https://www.sports-reference.com/cfb/players/cordale-flott-1.html,3,Cordale Flott,CB,0.0,LSU,2026-04-01T19:43:28.935Z,28,season_totals,1.0
10,,SR,63,American,,2021,0,0,0,0,14,0,0,1,https://www.sports-reference.com/cfb/players/damarion-williams-1.html,9,Damarion Williams,CB,0.0,Houston,2026-04-01T19:43:34.810Z,53,season_totals,3.0
12,,SR,44,ACC,,2021,0,0,0,0,13,1,50,2,https://www.sports-reference.com/cfb/players/damarri-mathis-1.html,6,Damarri Mathis,DB,0.0,Pitt,2026-04-01T19:43:40.915Z,32,season_totals,0.0
17,,JR,46,Big Ten,,2021,0,0,0,0,14,0,0,5,https://www.sports-reference.com/cfb/players/dane-belton-1.html,7,Dane Belton,DB,0.0,Iowa,2026-04-01T19:43:46.667Z,29,season_totals,3.0
17,,SR,52,Big 12,,2021,0,0,0,0,10,0,0,3,https://www.sports-reference.com/cfb/players/delarrin-turner-yell-1.html,1,Delarrin Turner-Yell,S,0.0,Oklahoma,2026-04-01T19:43:52.779Z,35,season_totals,2.5
17,,SR,41,SEC,,2021,0,0,0,0,15,0,14,4,https://www.sports-reference.com/cfb/players/derion-kendrick-1.html,3,Derion Kendrick,WR/CB/DB,0.0,Georgia,2026-04-01T19:44:04.032Z,24,season_totals,2.0
19,AA,SR,75,Big 12,,2021,3,3,0,10,14,0,20,2,https://www.sports-reference.com/cfb/players/jalen-pitre-1.html,7,Jalen Pitre,LB/S,3.5,Baylor,2026-04-01T19:44:22.063Z,56,season_totals,17.0
10,,JR,32,SEC,,2021,0,0,0,0,11,0,51,3,https://www.sports-reference.com/cfb/players/jalyn-armour-davis-1.html,4,Jalyn Armour-Davis,DB,0.0,Alabama,2026-04-01T19:44:27.735Z,22,season_totals,1.0
26,,SR,64,Big Ten,,2021,0,1,0,12,12,0,39,2,https://www.sports-reference.com/cfb/players/jaquan-brisker-1.html,5,Jaquan Brisker,S,0.0,Penn State,2026-04-01T19:44:33.941Z,38,season_totals,6.0
13,,JR,29,SEC,,2021,0,0,0,0,10,0,0,1,https://www.sports-reference.com/cfb/players/kaiir-elam-1.html,5,Kaiir Elam,DB/CB,0.0,Florida,2026-04-01T19:44:45.820Z,16,season_totals,1.5
16,,JR,57,Big Ten,,2021,0,3,0,0,12,0,12,5,https://www.sports-reference.com/cfb/players/kerby-joseph-1.html,2,Kerby Joseph,DB/WR,1.0,Illinois,2026-04-01T19:44:51.517Z,41,season_totals,1.0
15,AA,JR,34,Ind,,2021,0,0,0,0,7,0,0,3,https://www.sports-reference.com/cfb/players/kyle-hamilton-1.html,4,Kyle Hamilton,DB/S,0.0,Notre Dame,2026-04-01T19:44:57.810Z,19,season_totals,2.0
9,,SO,46,Pac-12,,2021,1,0,0,0,12,0,0,2,https://www.sports-reference.com/cfb/players/kyler-gordon-1.html,7,Kyler Gordon,CB/DB,0.0,Washington,2026-04-01T19:45:03.754Z,37,season_totals,2.0
30,,JR,73,SEC,,2021,0,0,0,0,15,0,8,1,https://www.sports-reference.com/cfb/players/lewis-cine-1.html,9,Lewis Cine,DB,0.0,Georgia,2026-04-01T19:45:09.761Z,43,season_totals,2.0
25,,SR,47,ACC,,2008,0,0,0,0,12,0,0,0,https://www.sports-reference.com/cfb/players/marcus-jones-1.html,3,Marcus Jones,QB/LB,1.0,Duke,2026-04-01T19:45:16.211Z,22,season_totals,2.0
18,,JR,49,SEC,,2021,0,0,0,0,12,0,0,0,https://www.sports-reference.com/cfb/players/martin-emerson-1.html,3,Martin Emerson,CB,0.0,Mississippi State,2026-04-01T19:45:21.990Z,31,season_totals,3.0
30,,SR,54,SEC,,2021,1,1,0,0,13,0,0,5,https://www.sports-reference.com/cfb/players/montaric-brown-1.html,6,Montaric Brown,DB,0.0,Arkansas,2026-04-01T19:45:27.874Z,24,season_totals,1.0
22,,JR,67,Big Ten,,2021,2,0,0,0,13,0,55,3,https://www.sports-reference.com/cfb/players/nick-cross-1.html,4,Nick Cross,DB,3.0,Maryland,2026-04-01T19:45:33.926Z,45,season_totals,3.5
24,,JR,61,Sun Belt,,2021,0,2,0,0,13,0,0,1,https://www.sports-reference.com/cfb/players/percy-butler-1.html,4,Percy Butler,DB/S,0.0,Louisiana,2026-04-01T19:45:39.941Z,37,season_totals,6.0
14,,SR,54,Pac-12,,2021,0,0,0,0,11,0,23,3,https://www.sports-reference.com/cfb/players/quentin-lake-1.html,6,Quentin Lake,DB,0.0,UCLA,2026-04-01T19:45:46.023Z,40,season_totals,2.0
8,,SR,49,SEC,,2021,0,1,0,0,12,1,35,2,https://www.sports-reference.com/cfb/players/roger-mccreary-1.html,14,Roger McCreary,DB/CB,1.0,Auburn,2026-04-01T19:45:52.015Z,41,season_totals,2.0
7,,SR,33,Big Ten,,2021,0,0,0,0,13,0,0,0,https://www.sports-reference.com/cfb/players/tariq-castro-fields-1.html,6,Tariq Castro-Fields,CB,0.0,Penn State,2026-04-01T19:45:58.043Z,26,season_totals,0.0
10,,SO,35,Pac-12,,2021,0,0,0,0,11,0,0,0,https://www.sports-reference.com/cfb/players/trent-mcduffie-1.html,6,Trent McDuffie,DB,1.0,Washington,2026-04-01T19:46:04.574Z,25,season_totals,4.0
18,,SR,44,MAC,,2021,1,0,0,0,10,0,0,0,https://www.sports-reference.com/cfb/players/tycen-anderson-1.html,2,Tycen Anderson,DB/S,1.0,Toledo,2026-04-01T19:46:10.609Z,26,season_totals,2.0
15,,SO,57,Pac-12,,2022,0,1,0,0,12,1,42,2,https://www.sports-reference.com/cfb/players/alex-austin-1.html,10,Alex Austin,DB,1.0,Oregon State,2026-04-01T19:46:21.019Z,42,season_totals,1.0
26,,SR,70,Big 12,,2010,1,0,0,0,13,0,20,1,https://www.sports-reference.com/cfb/players/antonio-johnson-1.html,0,Antonio Johnson,LB,3.0,Baylor,2026-04-01T19:46:27.187Z,44,season_totals,5.0
32,,JR,90,SEC,,2022,0,0,0,0,13,0,2,2,https://www.sports-reference.com/cfb/players/brian-branch-1.html,7,Brian Branch,DB,3.0,Alabama,2026-04-01T19:46:33.700Z,58,season_totals,14.0
14,,JR,48,SEC,,2022,0,1,0,21,12,0,0,1,https://www.sports-reference.com/cfb/players/carrington-valentine-1.html,10,Carrington Valentine,DB,1.0,Kentucky,2026-04-01T19:46:51.012Z,34,season_totals,1.5
29,,SR,67,ACC,,2022,0,0,0,0,11,0,0,0,https://www.sports-reference.com/cfb/players/chamarri-conner-1.html,2,Chamarri Conner,DB,0.0,Virginia Tech,2026-04-01T19:46:57.132Z,38,season_totals,2.0
0,,SR,1,MAC,,2019,0,0,0,0,1,0,0,0,https://www.sports-reference.com/cfb/players/christian-gonzalez-1.html,0,Christian Gonzalez,DT,0.0,Buffalo,2026-04-01T19:47:03.028Z,1,season_totals,1.0
16,AA,SR,61,SEC,,2022,1,1,0,0,15,0,29,3,https://www.sports-reference.com/cfb/players/christopher-smith-1.html,5,Christopher Smith,DB,1.0,Georgia,2026-04-01T19:47:09.037Z,45,season_totals,5.0
8,AA,SO,24,Pac-12,,2022,0,0,0,0,12,2,142,6,https://www.sports-reference.com/cfb/players/clark-phillips-iii-1.html,6,Clark Phillips III,CB,1.0,Utah,2026-04-01T19:47:15.058Z,16,season_totals,2.0
6,,SR,34,Big Ten,,2022,0,0,0,0,13,1,8,2,https://www.sports-reference.com/cfb/players/cory-trice-1.html,10,Cory Trice,DB/S/CB,0.0,Purdue,2026-04-01T19:47:22.147Z,28,season_totals,2.0
0,,SR,1,ACC,,2020,0,0,0,0,11,0,0,0,https://www.sports-reference.com/cfb/players/dj-turner-1.html,0,DJ Turner,WR,0.0,Pitt,2026-04-01T19:47:27.194Z,1,season_totals,0.0
28,,SR,85,Pac-12,,2022,2,0,0,0,12,0,59,3,https://www.sports-reference.com/cfb/players/daniel-scott-1.html,4,Daniel Scott,S,0.0,California,2026-04-01T19:47:33.133Z,57,season_totals,2.5
10,,SR,38,SEC,,2022,1,0,0,0,10,0,59,2,https://www.sports-reference.com/cfb/players/darius-rush-1.html,7,Darius Rush,DB,0.0,South Carolina,2026-04-01T19:47:39.302Z,28,season_totals,2.0
13,,SR,42,Sun Belt,,2022,0,0,0,0,13,0,21,1,https://www.sports-reference.com/cfb/players/darrell-luter-jr-1.html,7,Darrell Luter Jr.,CB,0.0,South Alabama,2026-04-01T19:47:45.151Z,29,season_totals,0.5
41,,SR,108,SEC,,2022,1,1,0,0,13,0,0,1,https://www.sports-reference.com/cfb/players/demarcco-hellams-1.html,7,Demarcco Hellams,DB,1.0,Alabama,2026-04-01T19:47:51.293Z,67,season_totals,3.0
13,,SR,38,Big Ten,,2022,0,0,0,0,12,0,0,1,https://www.sports-reference.com/cfb/players/deonte-banks-1.html,8,Deonte Banks,CB/DB,0.5,Maryland,2026-04-01T19:47:57.211Z,25,season_totals,0.5
9,AA,JR,41,Big Ten,,2022,0,0,0,0,12,0,97,3,https://www.sports-reference.com/cfb/players/devon-witherspoon-1.html,14,Devon Witherspoon,DB,0.0,Illinois,2026-04-01T19:48:03.301Z,32,season_totals,2.5
20,AA,JR,46,SEC,,2022,0,0,0,0,12,3,174,6,https://www.sports-reference.com/cfb/players/emmanuel-forbes-1.html,10,Emmanuel Forbes,CB,0.0,Mississippi State,2026-04-01T19:48:09.438Z,26,season_totals,1.0
0,,JR,0,ACC,,2018,0,0,0,0,14,0,0,0,https://www.sports-reference.com/cfb/players/garrett-williams-1.html,0,Garrett Williams,TE,0.0,Clemson,2026-04-01T19:48:15.358Z,0,season_totals,0.0
20,,SR,74,American,,2022,2,1,0,0,12,0,24,1,https://www.sports-reference.com/cfb/players/gervarrius-owens-1.html,8,Gervarrius Owens,S/DB,0.0,Houston,2026-04-01T19:48:21.280Z,54,season_totals,1.0
29,,SR,65,MWC,,2022,0,0,0,0,12,0,30,4,https://www.sports-reference.com/cfb/players/jl-skinner-1.html,5,JL Skinner,S,0.0,Boise State,2026-04-01T19:48:27.353Z,36,season_totals,0.5
13,,SR,39,Big Ten,,2022,0,0,0,0,12,0,0,2,https://www.sports-reference.com/cfb/players/jakorian-bennett-1.html,11,Jakorian Bennett,DB,0.0,Maryland,2026-04-01T19:48:33.890Z,26,season_totals,1.5
53,,JR,99,ACC,,2022,0,1,0,0,13,0,0,1,https://www.sports-reference.com/cfb/players/jammie-robinson-1.html,5,Jammie Robinson,DB,1.0,Florida State,2026-04-01T19:48:39.728Z,46,season_totals,5.0
9,,SR,26,SEC,,2021,0,0,0,0,11,0,0,1,https://www.sports-reference.com/cfb/players/jaylon-jones-1.html,3,Jaylon Jones,DB/LB,0.0,Ole Miss,2026-04-01T19:48:51.530Z,17,season_totals,1.0
18,,SR,74,Big Ten,,2022,2,1,1,0,13,0,114,4,https://www.sports-reference.com/cfb/players/jiayir-brown-1.html,3,Ji'ayir Brown,S,4.5,Penn State,2026-04-01T19:48:57.730Z,56,season_totals,7.0
6,,JR,27,Big Ten,,2022,0,1,0,0,10,0,0,0,https://www.sports-reference.com/cfb/players/joey-porter-jr-1.html,11,Joey Porter Jr.,CB,0.0,Penn State,2026-04-01T19:49:03.515Z,21,season_totals,0.0
37,,SR,71,SEC,,2022,0,0,0,0,13,0,0,1,https://www.sports-reference.com/cfb/players/jordan-battle-1.html,2,Jordan Battle,DB,0.0,Alabama,2026-04-01T19:49:09.482Z,34,season_totals,0.5
18,,SR,58,Big Ten,,2022,0,0,0,0,13,0,0,2,https://www.sports-reference.com/cfb/players/jordan-howden-1.html,5,Jordan Howden,DB,0.0,Minnesota,2026-04-01T19:49:15.422Z,40,season_totals,3.5
5,,SO,42,SEC,,2022,1,0,0,0,15,0,45,2,https://www.sports-reference.com/cfb/players/kelee-ringo-1.html,7,Kelee Ringo,DB,0.0,Georgia,2026-04-01T19:49:21.356Z,37,season_totals,2.0
21,,SR,67,Pac-12,,2022,1,1,0,0,14,0,31,3,https://www.sports-reference.com/cfb/players/mekhi-blackmon-1.html,12,Mekhi Blackmon,CB/DB,0.0,USC,2026-04-01T19:49:27.332Z,46,season_totals,2.0
7,,SR,23,MAC,,2022,0,0,0,0,11,0,12,2,https://www.sports-reference.com/cfb/players/nic-jones-1.html,12,Nic Jones,CB/DB,0.0,Ball State,2026-04-01T19:49:33.396Z,16,season_totals,0.0
16,,SR,47,Big Ten,,2022,2,0,0,0,13,0,0,1,https://www.sports-reference.com/cfb/players/riley-moss-1.html,11,Riley Moss,DB,0.0,Iowa,2026-04-01T19:49:39.464Z,31,season_totals,1.0
19,,SR,60,Big Ten,,2022,1,1,1,53,12,1,86,6,https://www.sports-reference.com/cfb/players/sydney-brown-1.html,7,Sydney Brown,DB,1.0,Illinois,2026-04-01T19:49:45.516Z,41,season_totals,3.5
7,,JR,25,ACC,,2022,0,0,0,0,11,0,0,2,https://www.sports-reference.com/cfb/players/tyrique-stevenson-1.html,7,Tyrique Stevenson,DB/CB,0.0,Miami (FL),2026-04-01T19:49:51.684Z,18,season_totals,1.5
14,,JR,47,SEC,,2023,0,0,0,0,12,0,0,0,https://www.sports-reference.com/cfb/players/andru-phillips-1.html,5,Andru Phillips,DB,0.0,Kentucky,2026-04-01T19:49:57.565Z,33,season_totals,1.5
13,,JR,42,ACC,,2023,1,1,0,0,11,0,0,0,https://www.sports-reference.com/cfb/players/caelen-carson-1.html,8,Caelen Carson,DB,0.0,Wake Forest,2026-04-01T19:50:03.721Z,29,season_totals,1.0
6,,SR,21,Ind,,2023,3,1,0,0,12,0,0,0,https://www.sports-reference.com/cfb/players/cam-hart-1.html,4,Cam Hart,CB,0.0,Notre Dame,2026-04-01T19:50:15.795Z,15,season_totals,3.0
13,,JR,35,Pac-12,,2023,0,0,0,0,7,0,0,0,https://www.sports-reference.com/cfb/players/chau-smith-wade-1.html,6,Chau Smith-Wade,DB,0.0,Washington State,2026-04-01T19:50:21.637Z,22,season_totals,2.0
15,AA,JR,41,Big Ten,,2023,0,0,0,0,10,0,41,2,https://www.sports-reference.com/cfb/players/cooper-dejean-1.html,5,Cooper DeJean,DB,0.0,Iowa,2026-04-01T19:50:33.727Z,26,season_totals,2.0
33,,SR,61,SEC,,2023,1,0,0,0,13,0,19,3,https://www.sports-reference.com/cfb/players/daijahn-anthony-1.html,8,Daijahn Anthony,CB/S,0.0,Ole Miss,2026-04-01T19:50:45.779Z,28,season_totals,2.5
12,,SR,36,SEC,,2023,1,0,0,0,13,0,44,1,https://www.sports-reference.com/cfb/players/deantre-prince-1.html,5,Deantre Prince,DB/CB,1.0,Ole Miss,2026-04-01T19:50:51.902Z,24,season_totals,5.0
36,,SR,79,SEC,,2023,0,0,0,0,12,0,0,0,https://www.sports-reference.com/cfb/players/decamerion-richardson-1.html,7,Decamerion Richardson,CB,1.0,Mississippi State,2026-04-01T19:50:57.843Z,43,season_totals,1.0
15,,JR,31,MAC,,2012,2,0,0,0,13,0,16,1,https://www.sports-reference.com/cfb/players/elijah-jones-1.html,0,Elijah Jones,DL,1.5,Toledo,2026-04-01T19:51:03.867Z,16,season_totals,7.5
11,,SR,35,SEC,,2023,1,0,0,0,9,0,0,0,https://www.sports-reference.com/cfb/players/ennis-rakestraw-jr-1.html,4,Ennis Rakestraw Jr.,DB,0.0,Missouri,2026-04-01T19:51:10.001Z,24,season_totals,1.5
5,,SR,10,Ind,,2007,0,0,0,0,8,0,0,0,https://www.sports-reference.com/cfb/players/evan-williams-1.html,0,Evan Williams,DL,1.0,Army,2026-04-01T19:51:16.350Z,5,season_totals,1.5
30,,SO,79,Pac-12,,2023,1,0,0,0,12,1,37,2,https://www.sports-reference.com/cfb/players/jaden-hicks-1.html,4,Jaden Hicks,DB,2.5,Washington State,2026-04-01T19:51:21.965Z,49,season_totals,6.0
9,,SR,25,ACC,,2023,1,1,0,3,12,1,32,3,https://www.sports-reference.com/cfb/players/jarrian-jones-1.html,3,Jarrian Jones,CB/DB,1.0,Florida State,2026-04-01T19:51:33.910Z,16,season_totals,5.0
14,,JR,30,ACC,,2023,0,1,0,0,11,0,18,1,https://www.sports-reference.com/cfb/players/jarvis-brownlee-1.html,6,Jarvis Brownlee,DB/CB,0.0,Louisville,2026-04-01T19:51:40.079Z,16,season_totals,1.0
17,,JR,56,SEC,,2023,0,0,0,0,12,0,0,2,https://www.sports-reference.com/cfb/players/javon-bullard-1.html,5,Javon Bullard,DB,0.0,Georgia,2026-04-01T19:51:46.062Z,39,season_totals,1.0
8,,SR,36,SEC,,2023,0,1,0,13,13,1,87,4,https://www.sports-reference.com/cfb/players/jaylin-simpson-1.html,3,Jaylin Simpson,DB/CB,0.0,Auburn,2026-04-01T19:51:52.047Z,28,season_totals,1.5
26,,SR,64,SEC,,2023,1,1,0,0,12,0,0,2,https://www.sports-reference.com/cfb/players/jaylon-carlies-1.html,5,Jaylon Carlies,DB,2.0,Missouri,2026-04-01T19:51:57.972Z,38,season_totals,4.5
7,,SR,33,Big 12,,2023,0,0,0,0,12,0,53,1,https://www.sports-reference.com/cfb/players/josh-newton-1.html,9,Josh Newton,CB,0.0,Texas Christian,2026-04-01T19:52:04.069Z,26,season_totals,0.0
6,,SR,19,SEC,,2023,0,0,0,0,7,1,33,3,https://www.sports-reference.com/cfb/players/kamal-hadden-1.html,8,Kamal Hadden,DB,0.0,Tennessee,2026-04-01T19:52:10.179Z,13,season_totals,0.0
16,,JR,37,SEC,,2023,0,0,0,0,14,0,0,0,https://www.sports-reference.com/cfb/players/kamari-lassiter-1.html,8,Kamari Lassiter,DB,0.5,Georgia,2026-04-01T19:52:16.312Z,21,season_totals,3.5
19,,JR,59,ACC,,2023,0,1,0,0,10,1,57,5,https://www.sports-reference.com/cfb/players/kamren-kinchens-1.html,5,Kamren Kinchens,S/DB,1.0,Miami (FL),2026-04-01T19:52:22.210Z,40,season_totals,2.5
8,,JR,32,SEC,,2023,0,0,0,0,14,0,0,0,https://www.sports-reference.com/cfb/players/kool-aid-mckinstry-1.html,7,Kool-Aid McKinstry,DB,0.0,Alabama,2026-04-01T19:52:28.084Z,24,season_totals,2.0
13,,SR,51,SEC,,2023,1,0,0,0,13,0,9,4,https://www.sports-reference.com/cfb/players/kris-abrams-draine-1.html,13,Kris Abrams-Draine,WR/DB,0.0,Missouri,2026-04-01T19:52:34.145Z,38,season_totals,2.5
35,,JR,80,ACC,,2023,1,0,0,0,12,0,50,1,https://www.sports-reference.com/cfb/players/malik-mustapha-1.html,2,Malik Mustapha,DB,0.5,Wake Forest,2026-04-01T19:52:40.104Z,45,season_totals,5.0
11,,SR,36,SEC,,2023,0,0,0,0,12,0,0,0,https://www.sports-reference.com/cfb/players/marcellas-dial-1.html,10,Marcellas Dial,DB,1.0,South Carolina,2026-04-01T19:52:46.171Z,25,season_totals,2.0
11,,JR,32,Big Ten,,2023,1,1,0,0,12,0,5,3,https://www.sports-reference.com/cfb/players/max-melton-1.html,6,Max Melton,DB,1.0,Rutgers,2026-04-01T19:52:52.180Z,21,season_totals,4.0
18,,SR,44,Big Ten,,2023,2,0,0,0,15,2,232,6,https://www.sports-reference.com/cfb/players/mike-sainristil-1.html,6,Mike Sainristil,WR/CB/DB,1.0,Michigan,2026-04-01T19:52:58.301Z,26,season_totals,4.0
6,,JR,29,ACC,,2023,2,0,0,0,10,1,52,2,https://www.sports-reference.com/cfb/players/nate-wiggins-1.html,6,Nate Wiggins,CB,1.0,Clemson,2026-04-01T19:53:04.252Z,23,season_totals,1.0
4,,SR,22,SEC,,2023,0,0,0,0,9,0,33,1,https://www.sports-reference.com/cfb/players/nehemiah-pritchett-1.html,3,Nehemiah Pritchett,DB/CB,0.0,Auburn,2026-04-01T19:53:10.200Z,18,season_totals,1.0
9,,JR,41,MAC,,2023,0,0,0,0,13,0,3,1,https://www.sports-reference.com/cfb/players/quinyon-mitchell-1.html,18,Quinyon Mitchell,CB,0.0,Toledo,2026-04-01T19:53:16.277Z,32,season_totals,2.0
11,,SR,43,ACC,,2023,0,0,0,0,13,0,0,1,https://www.sports-reference.com/cfb/players/renardo-green-1.html,13,Renardo Green,DB,0.5,Florida State,2026-04-01T19:53:22.293Z,32,season_totals,2.5
14,,SO,51,Pac-12,,2023,0,0,0,0,12,0,2,1,https://www.sports-reference.com/cfb/players/sione-vaki-1.html,2,Sione Vaki,S,2.0,Utah,2026-04-01T19:53:28.237Z,37,season_totals,8.5
14,,SR,45,Big Ten,,2023,0,0,0,0,10,0,29,5,https://www.sports-reference.com/cfb/players/tarheeb-still-1.html,2,Tarheeb Still,DB,0.0,Maryland,2026-04-01T19:53:34.428Z,31,season_totals,2.0
23,,SO,63,SEC,,2023,1,0,0,0,14,0,69,5,https://www.sports-reference.com/cfb/players/terrion-arnold-1.html,12,Terrion Arnold,DB,1.0,Alabama,2026-04-01T19:53:40.340Z,40,season_totals,6.5
24,,SR,70,SEC,,2023,0,0,0,0,14,0,20,4,https://www.sports-reference.com/cfb/players/tykee-smith-1.html,2,Tykee Smith,S/DB,2.0,Georgia,2026-04-01T19:53:46.585Z,46,season_totals,8.5
19,,SR,53,Big Ten,,2023,1,1,0,0,12,0,66,5,https://www.sports-reference.com/cfb/players/tyler-nubin-1.html,4,Tyler Nubin,DB,1.0,Minnesota,2026-04-01T19:53:52.612Z,34,season_totals,1.0
28,,SR,69,SEC,,2024,1,0,0,0,15,0,12,5,https://www.sports-reference.com/cfb/players/andrew-mukuba-1.html,7,Andrew Mukuba,S/DB,0.0,Texas,2026-04-01T19:53:58.532Z,41,season_totals,4.0
17,,JR,52,ACC,,2024,0,0,0,0,12,0,0,1,https://www.sports-reference.com/cfb/players/azareyeh-thomas-1.html,4,Azareye'h Thomas,DB,0.0,Florida State,2026-04-01T19:54:04.478Z,35,season_totals,1.5
6,,SR,18,Big 12,,2024,0,0,0,0,12,0,5,3,https://www.sports-reference.com/cfb/players/darien-porter-1.html,2,Darien Porter,WR/DB,0.0,Iowa State,2026-04-01T19:54:30.515Z,12,season_totals,2.0
11,,SR,48,Big Ten,,2024,0,0,0,0,16,0,31,2,https://www.sports-reference.com/cfb/players/denzel-burke-1.html,2,Denzel Burke,CB/DB,0.0,Ohio State,2026-04-01T19:54:36.462Z,37,season_totals,3.0
12,,SR,32,ACC,,2024,1,1,0,12,12,0,-7,2,https://www.sports-reference.com/cfb/players/dorian-strong-1.html,6,Dorian Strong,DB/CB,0.0,Virginia Tech,2026-04-01T19:54:42.347Z,20,season_totals,0.0
10,,JR,50,Big 12,,2024,0,0,0,0,12,0,0,1,https://www.sports-reference.com/cfb/players/jacob-parrish-1.html,7,Jacob Parrish,CB,0.0,Kansas State,2026-04-01T19:54:48.346Z,40,season_totals,2.5
21,AA,SR,67,SEC,,2024,0,1,0,2,16,0,82,5,https://www.sports-reference.com/cfb/players/jahdae-barron-1.html,11,Jahdae Barron,DB,1.0,Texas,2026-04-01T19:54:54.468Z,46,season_totals,2.5
7,,SR,20,SEC,,2024,1,0,0,0,7,0,0,0,https://www.sports-reference.com/cfb/players/jason-marshall-jr-1.html,4,Jason Marshall Jr.,CB/DB,0.0,Florida,2026-04-01T19:55:00.471Z,13,season_totals,1.5
47,,SR,98,Big Ten,,2024,1,1,0,0,16,1,50,3,https://www.sports-reference.com/cfb/players/jaylen-reed-1.html,3,Jaylen Reed,S,2.5,Penn State,2026-04-01T19:55:06.531Z,51,season_totals,6.5
19,,SR,59,Big Ten,,2024,0,0,0,0,10,0,0,2,https://www.sports-reference.com/cfb/players/jaylin-smith-1.html,2,Jaylin Smith,S/DB/CB,0.0,USC,2026-04-01T19:55:12.559Z,40,season_totals,4.0
33,,SR,98,ACC,,2024,0,2,1,40,12,0,45,1,https://www.sports-reference.com/cfb/players/jonas-sanker-1.html,4,Jonas Sanker,DB/S,2.0,Virginia,2026-04-01T19:55:18.541Z,65,season_totals,8.5
19,,SR,48,Big Ten,,2024,2,0,0,0,16,0,0,1,https://www.sports-reference.com/cfb/players/jordan-hancock-1.html,8,Jordan Hancock,CB/DB,0.5,Ohio State,2026-04-01T19:55:24.582Z,29,season_totals,1.5
30,,SR,76,Big Ten,,2024,3,1,1,27,15,0,24,1,https://www.sports-reference.com/cfb/players/lathan-ransom-1.html,2,Lathan Ransom,S/DB,1.0,Ohio State,2026-04-01T19:55:35.007Z,46,season_totals,9.0
0,,JR,1,ACC,,2015,0,0,0,0,10,0,0,0,https://www.sports-reference.com/cfb/players/malachi-moore-1.html,0,Malachi Moore,DL/DE,0.0,Boston College,2026-04-01T19:55:41.090Z,1,season_totals,0.0
25,,JR,77,SEC,,2024,0,0,0,0,14,0,0,1,https://www.sports-reference.com/cfb/players/malaki-starks-1.html,3,Malaki Starks,DB,0.0,Georgia,2026-04-01T19:55:47.280Z,52,season_totals,4.0
4,,JR,19,SEC,,2024,2,0,0,0,7,1,25,1,https://www.sports-reference.com/cfb/players/maxwell-hairston-1.html,4,Maxwell Hairston,DB,1.0,Kentucky,2026-04-01T19:55:53.142Z,15,season_totals,1.0
31,,JR,88,SEC,,2024,0,0,0,0,13,2,107,4,https://www.sports-reference.com/cfb/players/nick-emmanwori-1.html,2,Nick Emmanwori,DB,0.0,South Carolina,2026-04-01T19:55:59.149Z,57,season_totals,3.0
19,AA,SR,52,ACC,,2024,1,0,0,0,13,1,54,7,https://www.sports-reference.com/cfb/players/nohl-williams-1.html,9,Nohl Williams,DB,0.0,California,2026-04-01T19:56:05.163Z,33,season_totals,1.0
9,,FR,33,CUSA,,2021,0,0,0,0,9,1,153,5,https://www.sports-reference.com/cfb/players/quincy-riley-1.html,9,Quincy Riley,CB,1.5,Middle Tennessee State,2026-04-01T19:56:11.267Z,24,season_totals,4.5
31,,SR,75,ACC,,2024,0,0,0,0,13,0,6,2,https://www.sports-reference.com/cfb/players/rj-mickens-1.html,7,R.J. Mickens,S,0.0,Clemson,2026-04-01T19:56:17.241Z,44,season_totals,6.0
11,,SR,50,SEC,,2024,1,0,0,0,13,0,-1,3,https://www.sports-reference.com/cfb/players/trey-amos-1.html,13,Trey Amos,CB/DB,0.0,Ole Miss,2026-04-01T19:56:32.452Z,39,season_totals,3.5
23,,JR,52,CUSA,,2024,0,0,0,0,12,0,24,1,https://www.sports-reference.com/cfb/players/upton-stout-1.html,1,Upton Stout,DB,1.0,Western Kentucky,2026-04-01T19:56:38.555Z,29,season_totals,7.5
30,AA,SR,82,Ind,,2024,1,1,0,0,16,1,136,6,https://www.sports-reference.com/cfb/players/xavier-watts-1.html,10,Xavier Watts,WR/LB/S,0.0,Notre Dame,2026-04-01T19:56:50.473Z,52,season_totals,3.5
15,,JR,33,SEC,,2016,0,0,0,0,13,1,80,3,https://www.sports-reference.com/cfb/players/quincy-wilson-2.html,6,Quincy Wilson,DB,1.0,Florida,2026-04-01T19:58:10.096Z,18,season_totals,3.5
17,,SO,21,SEC,,2025,0,0,0,0,13,0,0,0,https://www.sports-reference.com/cfb/players/darron-reed-jr-1.html,1,Darron Reed Jr.,DL,2.0,Mississippi State,2026-04-01T19:58:28.405Z,4,season_totals,2.0
7,AA,JR,37,Big Ten,,2017,0,0,0,0,14,0,0,2,https://www.sports-reference.com/cfb/players/denzel-ward-3.html,15,Denzel Ward,CB,0.0,Ohio State,2026-04-01T19:58:38.427Z,30,season_totals,2.0
30,,SR,53,MWC,,2017,0,0,0,0,12,0,0,0,https://www.sports-reference.com/cfb/players/mike-hughes-3.html,0,Mike Hughes,DL,2.0,Nevada-Las Vegas,2026-04-01T19:58:58.935Z,23,season_totals,7.0
12,,JR,49,American,,2017,1,0,0,0,13,1,92,4,https://www.sports-reference.com/cfb/players/mike-hughes-4.html,11,Mike Hughes,CB/DB,0.0,UCF,2026-04-01T19:59:07.432Z,37,season_totals,0.5
9,,JR,35,Big Ten,,2017,0,0,0,0,14,0,0,0,https://www.sports-reference.com/cfb/players/nick-nelson-2.html,21,Nick Nelson,DB/CB,0.0,Wisconsin,2026-04-01T19:59:20.673Z,26,season_totals,1.0
14,,SR,52,Big Ten,,2018,0,0,0,0,12,1,30,4,https://www.sports-reference.com/cfb/players/darnell-savage-jr-1.html,2,Darnell Savage Jr.,DB,0.0,Maryland,2026-04-01T19:59:42.435Z,38,season_totals,5.5
6,,JR,17,Big Ten,,2018,0,0,0,0,13,0,15,1,https://www.sports-reference.com/cfb/players/david-long-3.html,8,David Long,DB,0.0,Michigan,2026-04-01T19:59:56.328Z,11,season_totals,0.0
35,,JR,111,Big 12,,2018,1,1,0,0,12,0,0,0,https://www.sports-reference.com/cfb/players/david-long-2.html,4,David Long,LB,8.0,West Virginia,2026-04-01T20:00:09.816Z,76,season_totals,19.0
6,,SR,26,Pac-12,,2018,2,0,0,0,12,0,0,2,https://www.sports-reference.com/cfb/players/jordan-miller-3.html,6,Jordan Miller,DB,0.0,Washington,2026-04-01T20:00:24.725Z,20,season_totals,2.0
7,,SR,33,SEC,,2018,0,0,0,0,10,0,30,2,https://www.sports-reference.com/cfb/players/kendarius-webster-1.html,6,Kendarius Webster,DB,0.0,Ole Miss,2026-04-01T20:00:31.804Z,26,season_totals,1.0
18,,SR,57,Pac-12,,2018,1,0,0,0,10,0,-4,1,https://www.sports-reference.com/cfb/players/marvell-tell-iii-1.html,5,Marvell Tell III,S,0.0,USC,2026-04-01T20:00:57.202Z,39,season_totals,1.0
26,,SR,82,SEC,,2018,1,1,0,0,13,1,79,2,https://www.sports-reference.com/cfb/players/mike-edwards-8.html,6,Mike Edwards,S,0.0,Kentucky,2026-04-01T20:01:16.261Z,56,season_totals,9.0
26,,JR,59,Pac-12,,2018,0,3,0,0,13,0,0,2,https://www.sports-reference.com/cfb/players/tyler-rapp-2.html,5,Taylor Rapp,DB,5.0,Washington,2026-04-01T20:02:09.251Z,33,season_totals,6.0
6,,JR,24,MAC,,2018,0,2,0,0,11,0,0,1,https://www.sports-reference.com/cfb/players/xavier-crawford-2.html,12,Xavier Crawford,CB/DB,0.0,Central Michigan,2026-04-01T20:02:22.229Z,18,season_totals,3.0
18,,SR,87,Big Ten,,2019,0,1,0,5,12,0,0,1,https://www.sports-reference.com/cfb/players/antoine-brooks-1.html,5,Antoine Brooks,LB/DB,0.0,Maryland,2026-04-01T20:02:35.394Z,69,season_totals,8.5
16,,JR,59,American,,2019,1,0,0,0,12,0,8,3,https://www.sports-reference.com/cfb/players/harrison-hand-2.html,5,Harrison Hand,CB,0.0,Temple,2026-04-01T20:03:13.520Z,43,season_totals,4.0
6,AA,JR,35,Big Ten,,2019,2,0,0,0,14,0,0,3,https://www.sports-reference.com/cfb/players/jeffrey-okudah-1.html,9,Jeffrey Okudah,CB,0.0,Ohio State,2026-04-01T20:03:19.046Z,29,season_totals,1.0
12,,SR,54,CUSA,,2019,2,0,0,0,13,0,23,1,https://www.sports-reference.com/cfb/players/stantley-thomas-oliver-iii-1.html,8,Stantley Thomas-Oliver III,WR/DB,2.0,Florida International,2026-04-01T20:03:53.968Z,42,season_totals,4.0
13,,SR,40,Ind,,2019,0,0,0,0,13,0,19,1,https://www.sports-reference.com/cfb/players/troy-pride-jr-1.html,6,Troy Pride Jr.,CB,0.0,Notre Dame,2026-04-01T20:04:01.827Z,27,season_totals,0.0
10,,SR,41,American,,2020,1,1,0,0,9,0,0,0,https://www.sports-reference.com/cfb/players/aaron-robinson-2.html,6,Aaron Robinson,DB,0.0,UCF,2026-04-01T20:04:15.785Z,31,season_totals,1.0
6,,JR,20,SEC,,2020,0,0,0,0,9,2,94,4,https://www.sports-reference.com/cfb/players/eric-stokes-2.html,4,Eric Stokes,DB,0.0,Georgia,2026-04-01T20:04:23.526Z,14,season_totals,0.0
4,,JR,12,Big Ten,,2020,0,0,0,0,6,0,0,1,https://www.sports-reference.com/cfb/players/greg-newsome-ii-1.html,9,Greg Newsome II,DB,0.0,Northwestern,2026-04-01T20:04:28.514Z,8,season_totals,0.0
2,,SR,9,Pac-12,,2020,0,0,0,0,4,0,0,0,https://www.sports-reference.com/cfb/players/keith-taylor-3.html,1,Keith Taylor,DB,0.0,Washington,2026-04-01T20:04:36.661Z,7,season_totals,0.0
10,,SR,26,SEC,,2020,0,1,0,0,6,0,38,3,https://www.sports-reference.com/cfb/players/richard-lecounte-iii-1.html,4,Richard Lecounte III,DB,0.0,Georgia,2026-04-01T20:04:42.039Z,16,season_totals,1.0
16,,SR,40,SEC,,2020,1,0,0,0,7,0,45,2,https://www.sports-reference.com/cfb/players/shawn-davis-3.html,1,Shawn Davis,DB,0.0,Florida,2026-04-01T20:04:52.310Z,24,season_totals,2.0
17,,JR,47,Big 12,,2020,0,0,0,0,10,0,0,2,https://www.sports-reference.com/cfb/players/trevon-moehrig-woodard-1.html,9,Trevon Moehrig-Woodard,S,0.0,Texas Christian,2026-04-01T20:04:59.592Z,30,season_totals,2.0
11,,JR,37,ACC,,2021,0,0,0,0,11,0,0,3,https://www.sports-reference.com/cfb/players/andrew-booth-jr-1.html,5,Andrew Booth Jr.,CB,0.0,Clemson,2026-04-01T20:05:06.851Z,26,season_totals,3.0
38,,SR,93,American,,2021,0,0,0,0,14,0,0,2,https://www.sports-reference.com/cfb/players/bryan-cook-2.html,9,Bryan Cook,S,1.0,Cincinnati,2026-04-01T20:05:14.367Z,55,season_totals,5.5
16,,JR,51,Big Ten,,2021,0,0,0,0,12,0,0,1,https://www.sports-reference.com/cfb/players/cam-taylor-1.html,11,Cam Taylor,DB/CB,1.0,Nebraska,2026-04-01T20:05:20.302Z,35,season_totals,3.0
2,,JR,8,SEC,,2021,1,0,0,0,3,0,0,0,https://www.sports-reference.com/cfb/players/derek-stingley-jr-1.html,0,Derek Stingley Jr.,CB,0.0,LSU,2026-04-01T20:05:38.587Z,6,season_totals,3.5
13,,SR,57,Big 12,,2021,0,1,1,97,14,1,109,6,https://www.sports-reference.com/cfb/players/jt-woods-1.html,2,J.T. Woods,S,0.0,Baylor,2026-04-01T20:05:43.843Z,44,season_totals,4.5
6,,SR,42,Pac-12,,2021,3,0,0,0,11,0,-1,3,https://www.sports-reference.com/cfb/players/jack-jones-5.html,6,Jack Jones,CB/DB,1.0,Arizona State,2026-04-01T20:05:56.411Z,36,season_totals,2.5
8,,SR,31,Pac-12,,2021,0,4,0,49,12,0,11,2,https://www.sports-reference.com/cfb/players/jaylen-watson-2.html,3,Jaylen Watson,DB,0.0,Washington State,2026-04-01T20:06:04.895Z,23,season_totals,1.0
4,,JR,27,SEC,,2022,0,0,0,0,11,0,0,1,https://www.sports-reference.com/cfb/players/cam-smith-3.html,5,Cam Smith,DB,0.0,South Carolina,2026-04-01T20:06:41.448Z,23,season_totals,1.0
14,,JR,52,Big Ten,,2022,1,1,0,0,11,0,33,1,https://www.sports-reference.com/cfb/players/cameron-mitchell-2.html,9,Cameron Mitchell,DB,1.0,Northwestern,2026-04-01T20:06:56.013Z,38,season_totals,2.5
16,,SR,59,SEC,,2022,0,1,1,23,13,0,18,1,https://www.sports-reference.com/cfb/players/jay-ward-2.html,4,Jay Ward,CB/S/DB,0.0,LSU,2026-04-01T20:07:04.380Z,43,season_totals,2.5
6,,JR,20,Ind,,2024,0,0,0,0,6,0,0,0,https://www.sports-reference.com/cfb/players/benjamin-morrison-1.html,4,Benjamin  Morrison,CB,0.0,Notre Dame,2026-04-01T20:07:53.562Z,14,season_totals,0.0
20,,SR,54,SEC,,2024,0,2,1,43,12,0,2,2,https://www.sports-reference.com/cfb/players/billy-bowman-1.html,3,Billy Bowman,DB,0.0,Oklahoma,2026-04-01T20:07:59.948Z,34,season_totals,2.5
25,,SR,70,ACC,,2024,0,1,0,0,13,0,0,2,https://www.sports-reference.com/cfb/players/criag-woodson-1.html,9,Craig Woodson,S/DB,0.0,California,2026-04-01T20:08:06.247Z,45,season_totals,2.5
22,,SR,59,Big Ten,,2024,0,0,0,0,10,0,17,1,https://www.sports-reference.com/cfb/players/dante-trader-1.html,4,Dante Trader,DB,0.0,Maryland,2026-04-01T20:08:30.422Z,37,season_totals,0.0
5,,JR,13,Big Ten,,2024,1,0,0,0,3,0,0,0,https://www.sports-reference.com/cfb/players/kevin-winston-1.html,0,Kevin Winston,S,0.0,Penn State,2026-04-01T20:08:38.160Z,8,season_totals,0.0
23,,SR,70,American,,2024,3,0,0,0,13,1,86,2,https://www.sports-reference.com/cfb/players/rayuan-lane-1.html,5,Rayuan Lane,S,0.0,Navy,2026-04-01T20:08:45.348Z,47,season_totals,0.5
14,AA,JR,48,Big Ten,,2017,1,0,0,0,13,2,168,8,https://www.sports-reference.com/cfb/players/joshua-jackson-3.html,18,Joshua Jackson,WR/DB,0.0,Iowa,2026-04-01T20:09:37.434Z,34,season_totals,0.5
26,,SR,72,Big Ten,,2017,2,0,0,0,13,0,50,1,https://www.sports-reference.com/cfb/players/marcus-allen-5.html,3,Marcus Allen,S,1.0,Penn State,2026-04-01T20:10:03.310Z,46,season_totals,4.0
19,,SR,55,Big Ten,,2017,0,0,0,0,13,0,1,1,https://www.sports-reference.com/cfb/players/tony-apke-1.html,5,Troy Apke,S,0.0,Penn State,2026-04-01T20:10:11.746Z,36,season_totals,3.0
29,,SR,66,SEC,,2018,1,0,0,0,12,0,0,2,https://www.sports-reference.com/cfb/players/donovan-wilson-2.html,3,Donovan Wilson,DB,2.0,Texas A&M,2026-04-01T20:10:20.451Z,37,season_totals,4.5
16,,SR,66,American,,2018,0,0,0,0,11,0,45,2,https://www.sports-reference.com/cfb/players/isaiah-johnson-4.html,7,Isaiah Johnson,WR/CB,0.0,Houston,2026-04-01T20:10:35.584Z,50,season_totals,2.0
32,,SR,69,Pac-10,,2009,1,0,0,0,13,1,62,4,https://www.sports-reference.com/cfb/players/will-harris-1.html,0,Will Harris,DB,0.0,USC,2026-04-01T20:10:56.463Z,37,season_totals,3.5
32,,SR,75,ACC,,2018,0,2,0,0,12,0,0,1,https://www.sports-reference.com/cfb/players/william-harris-4.html,0,William Harris,DB,0.0,Boston College,2026-04-01T20:11:04.447Z,43,season_totals,1.0
22,,SR,86,Big 12,,2019,1,1,0,0,13,0,7,2,https://www.sports-reference.com/cfb/players/brandon-jones-13.html,4,Brandon Jones,DB,1.0,Texas,2026-04-01T20:11:24.533Z,64,season_totals,4.5
27,,SR,74,SEC,,2019,1,1,0,0,13,0,0,0,https://www.sports-reference.com/cfb/players/daniel-thomas-3.html,1,Daniel Thomas,DB,0.0,Auburn,2026-04-01T20:11:33.946Z,47,season_totals,5.5
8,,JR,38,Big Ten,,2019,0,2,0,0,13,0,6,3,https://www.sports-reference.com/cfb/players/ambry-thomas-1.html,4,Ambry Thomas,DB,0.0,Michigan,2026-04-01T20:11:38.962Z,30,season_totals,3.0
4,AA,SR,19,MWC,,2020,1,0,0,0,7,0,0,0,https://www.sports-reference.com/cfb/players/avery-williams-6.html,1,Avery Williams,CB,0.0,Boise State,2026-04-01T20:11:50.070Z,15,season_totals,2.0
19,,JR,62,Pac-12,,2019,1,4,2,45,14,1,32,2,https://www.sports-reference.com/cfb/players/brady-breeze-1.html,3,Brady Breeze,DB/S,0.0,Oregon,2026-04-01T20:11:55.109Z,43,season_totals,0.0
26,,SO,66,Pac-12,,2019,0,0,0,0,14,1,64,4,https://www.sports-reference.com/cfb/players/jevon-holland-1.html,4,Jevon Holland,S,0.0,Oregon,2026-04-01T20:12:06.481Z,40,season_totals,4.5
11,,JR,47,SEC,,2019,0,0,0,0,15,0,45,4,https://www.sports-reference.com/cfb/players/kary-vincent-jr-1.html,9,Kary Vincent Jr.,CB,0.0,LSU,2026-04-01T20:12:38.018Z,36,season_totals,2.0
10,,JR,33,Pac-12,,2019,0,0,0,0,9,0,4,4,https://www.sports-reference.com/cfb/players/paulson-adebo-1.html,10,Paulson Adebo,CB,0.0,Stanford,2026-04-01T20:12:43.216Z,23,season_totals,0.0
6,,SR,31,Big 12,,2020,0,0,0,0,10,0,0,3,https://www.sports-reference.com/cfb/players/tre-brown-2.html,6,Tre Brown,CB,0.0,Oklahoma,2026-04-01T20:12:54.450Z,25,season_totals,1.0
11,AA,SR,48,American,,2021,1,0,0,0,13,0,2,5,https://www.sports-reference.com/cfb/players/marcus-jones-11.html,13,Marcus Jones,CB,0.0,Houston,2026-04-01T20:13:03.874Z,37,season_totals,1.0
36,,JR,71,SEC,,2022,3,0,0,0,9,0,0,0,https://www.sports-reference.com/cfb/players/antonio-johnson-6.html,1,Antonio Johnson,DB,1.0,Texas A&M,2026-04-01T20:13:18.784Z,35,season_totals,5.0
15,,SO,50,Pac-12,,2022,0,0,0,0,12,0,118,4,https://www.sports-reference.com/cfb/players/christian-gonzalez-2.html,7,Christian Gonzalez,CB/DB,0.0,Oregon,2026-04-01T20:13:31.167Z,35,season_totals,1.0
9,,SR,36,Big Ten,,2022,0,1,1,45,14,0,0,1,https://www.sports-reference.com/cfb/players/dj-turner-3.html,10,DJ Turner,DB,0.0,Michigan,2026-04-01T20:13:42.998Z,27,season_totals,1.0
11,,SO,35,ACC,,2022,0,1,0,5,7,0,5,2,https://www.sports-reference.com/cfb/players/garrett-williams-2.html,3,Garrett Williams,DB,1.0,Syracuse,2026-04-01T20:13:52.394Z,24,season_totals,1.5
6,,JR,33,SEC,,2022,0,1,0,2,10,0,0,0,https://www.sports-reference.com/cfb/players/jaylon-jones-3.html,2,Jaylon Jones,DB,0.0,Texas A&M,2026-04-01T20:14:12.630Z,27,season_totals,0.0
21,,JR,63,Pac-12,,2023,0,0,0,0,12,1,41,2,https://www.sports-reference.com/cfb/players/calen-bullock-1.html,7,Calen Bullock,S/DB,0.0,USC,2026-04-01T20:14:21.230Z,42,season_totals,0.0
25,,JR,60,Pac-12,,2023,1,2,0,0,11,0,10,2,https://www.sports-reference.com/cfb/players/cole-bishop-1.html,4,Cole Bishop,S,3.0,Utah,2026-04-01T20:14:25.351Z,35,season_totals,6.5
20,,SR,73,Big 12,,2023,0,0,0,0,13,0,23,4,https://www.sports-reference.com/cfb/players/dadrion-taylor-demerson-1.html,8,Dadrion Taylor-Demerson,DB,1.0,Texas Tech,2026-04-01T20:14:32.033Z,53,season_totals,1.5
7,,SR,25,ACC,,2023,1,0,0,0,9,0,11,5,https://www.sports-reference.com/cfb/players/elijah-jones-3.html,8,Elijah Jones,DB/CB,0.0,Boston College,2026-04-01T20:15:03.052Z,18,season_totals,0.0