assisted_tackles,awards,class,combined_tackles,conference,expected_draft_year,expected_draft_year_source,final_season_year,forced_fumbles,fumble_recoveries,fumble_recovery_tds,fumble_recovery_yards,games,interception_tds,interception_yards,interceptions,page_url,passes_defended,player,pos,sacks,school,scraped_at,solo_tackles,source_type,tfl
,,,,ACC,2000,currentPlayer,1999,,,,,11,0,1,2,https://www.sports-reference.com/cfb/players/reggie-austin-1.html,,Reggie Austin,DB,,Wake Forest,2026-04-02T06:48:43.189Z,,season_totals,
,,,,Big 12,2000,currentPlayer,1999,,,,,11,0,0,1,https://www.sports-reference.com/cfb/players/rashidi-barnes-1.html,,Rashidi Barnes,DB,,Colorado,2026-04-02T06:48:48.277Z,,season_totals,
,,,,SEC,2000,currentPlayer,1999,,,,,11,1,45,3,https://www.sports-reference.com/cfb/players/david-barrett-2.html,,David Barrett,DB,,Arkansas,2026-04-02T06:49:04.301Z,,season_totals,
,,,,Big 12,2000,currentPlayer,1999,,,,,11,0,0,1,https://www.sports-reference.com/cfb/players/william-bartee-1.html,,William Bartee,DB,,Oklahoma,2026-04-02T06:49:09.202Z,,season_totals,
,,,,SEC,2000,currentPlayer,1999,,,,,11,0,33,1,https://www.sports-reference.com/cfb/players/robert-bean-1.html,,Robert Bean,DB,,Mississippi State,2026-04-02T06:49:14.322Z,,season_totals,
,,,,MAC,2000,currentPlayer,1999,,,,,12,1,20,4,https://www.sports-reference.com/cfb/players/rogers-beckett-1.html,,Rogers Beckett,DB,,Marshall,2026-04-02T06:49:19.370Z,,season_totals,
,,,,Big Ten,2000,currentPlayer,1999,,,,,10,0,12,1,https://www.sports-reference.com/cfb/players/gary-berry-1.html,,Gary Berry,DB,,Ohio State,2026-04-02T06:49:24.280Z,,season_totals,
,,,,Big Ten,2000,currentPlayer,1999,,,,,11,0,0,1,https://www.sports-reference.com/cfb/players/matt-bowen-1.html,,Matt Bowen,DB,,Iowa,2026-04-02T06:49:29.369Z,,season_totals,
,,,,Big 12,2000,currentPlayer,1999,,,,,12,0,40,5,https://www.sports-reference.com/cfb/players/mike-brown-18.html,,Mike Brown,DB,,Nebraska,2026-04-02T06:52:54.708Z,,season_totals,
,AA,,,Big 12,2000,currentPlayer,1999,,,,,12,0,82,3,https://www.sports-reference.com/cfb/players/ralph-brown-2.html,,Ralph Brown,DB,,Nebraska,2026-04-02T06:53:07.512Z,,season_totals,
,AA,,,Big Ten,2000,currentPlayer,1999,,,,,11,0,3,0,https://www.sports-reference.com/cfb/players/tyrone-carter-1.html,,Tyrone Carter,DB,,Minnesota,2026-04-02T06:53:12.647Z,,season_totals,
,,,,Big East,2000,currentPlayer,1999,,,,,11,1,34,1,https://www.sports-reference.com/cfb/players/ike-charlton-1.html,,Ike Charlton,DB,,Virginia Tech,2026-04-02T06:53:17.787Z,,season_totals,
,,,,WAC,2000,currentPlayer,1999,,,,,11,0,8,3,https://www.sports-reference.com/cfb/players/todd-franz-1.html,,Todd Franz,DB,,Tulsa,2026-04-02T06:53:45.547Z,,season_totals,
,,,,SEC,2000,currentPlayer,1999,,,,,10,0,28,3,https://www.sports-reference.com/cfb/players/dwayne-goodrich-1.html,,Dwayne Goodrich,DB,,Tennessee,2026-04-02T06:54:03.390Z,,season_totals,
,AA,,,SEC,2000,currentPlayer,1999,,,,,11,1,167,9,https://www.sports-reference.com/cfb/players/deon-grant-1.html,,Deon Grant,DB,,Tennessee,2026-04-02T06:54:08.452Z,,season_totals,
,,,,ACC,2000,currentPlayer,1999,,,,,12,0,0,5,https://www.sports-reference.com/cfb/players/lloyd-harrison-1.html,,Lloyd Harrison,DB,,North Carolina State,2026-04-02T06:54:26.135Z,,season_totals,
,,,,Big 12,2000,currentPlayer,1999,,,,,11,0,49,5,https://www.sports-reference.com/cfb/players/ben-kelly-1.html,,Ben Kelly,DB,,Colorado,2026-04-02T06:56:09.345Z,,season_totals,
,,,,SEC,2000,currentPlayer,1999,,,,,11,0,97,3,https://www.sports-reference.com/cfb/players/kenoy-kennedy-1.html,,Kenoy Kennedy,DB,,Arkansas,2026-04-02T06:56:14.366Z,,season_totals,
,,,,Big Ten,2000,currentPlayer,1999,,,,,12,0,0,1,https://www.sports-reference.com/cfb/players/david-macklin-1.html,,David Macklin,DB,,Penn State,2026-04-02T06:56:27.142Z,,season_totals,
,,,,Big 12,2000,currentPlayer,1999,,,,,11,0,3,1,https://www.sports-reference.com/cfb/players/anthony-malbrough-1.html,,Anthony Malbrough,WR/DB,,Texas Tech,2026-04-02T06:56:32.221Z,,season_totals,
,,,,Big Ten,2000,currentPlayer,1999,,,,,11,1,93,2,https://www.sports-reference.com/cfb/players/aric-morris-1.html,,Aric Morris,DB,,Michigan State,2026-04-02T06:56:37.266Z,,season_totals,
,,,,Big Ten,2000,currentPlayer,1999,,,,,11,0,54,4,https://www.sports-reference.com/cfb/players/bobby-myers-2.html,,Bobby Myers,DB,,Wisconsin,2026-04-02T06:56:50.199Z,,season_totals,
,AA,,,Pac-10,2000,currentPlayer,1999,,,,,11,4,280,9,https://www.sports-reference.com/cfb/players/deltha-oneal-1.html,,Deltha O'Neal,RB/DB,,California,2026-04-02T06:56:55.270Z,,season_totals,
,,,,MWC,2000,currentPlayer,1999,,,,,9,1,93,6,https://www.sports-reference.com/cfb/players/erik-olson-1.html,,Erik Olson,DB,,Colorado State,2026-04-02T06:57:00.244Z,,season_totals,
,,,,Big Ten,2000,currentPlayer,1999,,,,,12,0,64,5,https://www.sports-reference.com/cfb/players/ahmed-plummer-1.html,,Ahmed Plummer,DB,,Ohio State,2026-04-02T06:57:05.152Z,,season_totals,
,,,,Big East,2000,currentPlayer,1999,,,,,11,0,56,3,https://www.sports-reference.com/cfb/players/hank-poteat-1.html,,Hank Poteat,RB/DB,,Pitt,2026-04-02T06:57:10.343Z,,season_totals,
,,,,SEC,2000,currentPlayer,1999,,,,,6,1,83,2,https://www.sports-reference.com/cfb/players/mark-roman-1.html,,Mark Roman,DB,,LSU,2026-04-02T06:57:15.244Z,,season_totals,
,,,,ACC,2000,currentPlayer,1999,,,,,11,0,37,6,https://www.sports-reference.com/cfb/players/lewis-sanders-1.html,,Lewis Sanders,DB,,Maryland,2026-04-02T06:57:20.265Z,,season_totals,
,,,,ACC,2000,currentPlayer,1999,,,,,11,0,38,4,https://www.sports-reference.com/cfb/players/tony-scott-4.html,,Tony Scott,DB,,North Carolina State,2026-04-02T06:57:43.378Z,,season_totals,
,,,,Big 12,2000,currentPlayer,1999,,,,,11,0,0,2,https://www.sports-reference.com/cfb/players/jacoby-shepherd-1.html,,Jacoby Shepherd,DB,,Oklahoma State,2026-04-02T06:57:48.459Z,,season_totals,
,,,,ACC,2000,currentPlayer,1999,,,,,9,0,9,1,https://www.sports-reference.com/cfb/players/travares-tillman-1.html,,Travares Tillman,DB,,Georgia Tech,2026-04-02T06:57:53.558Z,,season_totals,
,,,,Big 12,2000,currentPlayer,1999,,,,,11,0,14,4,https://www.sports-reference.com/cfb/players/jason-webster-1.html,,Jason Webster,DB,,Texas A&M,2026-04-02T06:58:07.792Z,,season_totals,
,,,,Big 12,2000,currentPlayer,1999,,,,,11,1,40,4,https://www.sports-reference.com/cfb/players/damen-wheeler-1.html,,Damen Wheeler,DB,,Colorado,2026-04-02T06:58:12.792Z,,season_totals,
,,JR,,Pac-10,2001,currentPlayer,2000,,,,,11,0,31,2,https://www.sports-reference.com/cfb/players/hakim-akbar-1.html,,Hakim Akbar,DB,,Washington,2026-04-02T06:58:46.465Z,,season_totals,
,,SR,,Big East,2001,currentPlayer,2000,,,,,11,0,9,2,https://www.sports-reference.com/cfb/players/will-allen-2.html,,Will Allen,DB,,Syracuse,2026-04-02T06:58:56.422Z,,season_totals,
,,SR,,Pac-10,2001,currentPlayer,2000,,,,,11,0,0,1,https://www.sports-reference.com/cfb/players/adam-archuleta-1.html,,Adam Archuleta,LB,,Arizona State,2026-04-02T06:59:01.738Z,,season_totals,
,,JR,,CUSA,2001,currentPlayer,2000,,,,,11,1,100,2,https://www.sports-reference.com/cfb/players/idrees-bashir-1.html,,Idrees Bashir,DB,,Memphis,2026-04-02T06:59:06.448Z,,season_totals,
,,SR,,Big East,2001,currentPlayer,2000,,,,,11,0,14,2,https://www.sports-reference.com/cfb/players/cory-bird-1.html,,Cory Bird,DB,,Virginia Tech,2026-04-02T06:59:32.243Z,,season_totals,
,,SR,,Big Ten,2001,currentPlayer,2000,,,,,11,0,18,5,https://www.sports-reference.com/cfb/players/harold-blackmon-1.html,,Harold Blackmon,DB,,Northwestern,2026-04-02T06:59:37.372Z,,season_totals,
,,SR,,Big Ten,2001,currentPlayer,2000,,,,,12,0,24,3,https://www.sports-reference.com/cfb/players/james-boyd-1.html,,James Boyd,DB,,Penn State,2026-04-02T06:59:42.286Z,,season_totals,
,,JR,,Big 12,2001,currentPlayer,2000,,,,,13,0,47,6,https://www.sports-reference.com/cfb/players/jerametrius-butler-1.html,,Jerametrius Butler,DB,,Kansas State,2026-04-02T06:59:47.412Z,,season_totals,
,,SR,,ACC,2001,currentPlayer,2000,,,,,11,0,29,1,https://www.sports-reference.com/cfb/players/robert-carswell-1.html,,Robert Carswell,DB,,Clemson,2026-04-02T06:59:52.237Z,,season_totals,
,,JR,,Big Ten,2001,currentPlayer,2000,,,,,11,0,47,4,https://www.sports-reference.com/cfb/players/nate-clements-1.html,,Nate Clements,DB,,Ohio State,2026-04-02T06:59:57.303Z,,season_totals,
,AA,SR,,ACC,2001,currentPlayer,2000,,,,,12,1,200,6,https://www.sports-reference.com/cfb/players/tay-cody-1.html,,Tay Cody,DB,,Florida State,2026-04-02T07:00:02.288Z,,season_totals,
,,SR,,SEC,2001,currentPlayer,2000,,,,,10,0,13,2,https://www.sports-reference.com/cfb/players/tony-dixon-2.html,,Tony Dixon,DB,,Alabama,2026-04-02T07:00:27.984Z,,season_totals,
,,SR,,Big Ten,2001,currentPlayer,2000,,,,,10,0,0,3,https://www.sports-reference.com/cfb/players/jason-doering-1.html,,Jason Doering,DB,,Wisconsin,2026-04-02T07:00:33.023Z,,season_totals,
,,SR,,MWC,2001,currentPlayer,2000,,,,,11,3,115,4,https://www.sports-reference.com/cfb/players/andre-dyson-1.html,,Andre Dyson,DB,,Utah,2026-04-02T07:00:38.058Z,,season_totals,
,AA,JR,,Big Ten,2001,currentPlayer,2000,,,,,9,0,159,6,https://www.sports-reference.com/cfb/players/jamar-fletcher-1.html,,Jamar Fletcher,DB,,Wisconsin,2026-04-02T07:00:43.055Z,,season_totals,
,,SR,,WAC,2001,currentPlayer,2000,,,,,11,0,0,1,https://www.sports-reference.com/cfb/players/curtis-fuller-1.html,,Curtis Fuller,DB,,Texas Christian,2026-04-02T07:00:48.002Z,,season_totals,
,,SR,,ACC,2001,currentPlayer,2000,,,,,12,0,25,2,https://www.sports-reference.com/cfb/players/derrick-gibson-1.html,,Derrick Gibson,DB/LB,,Florida State,2026-04-02T07:00:53.013Z,,season_totals,
,,SR,,SEC,2001,currentPlayer,2000,,,,,11,1,35,3,https://www.sports-reference.com/cfb/players/jamie-henderson-1.html,,Jamie Henderson,DB,,Georgia,2026-04-02T07:01:23.649Z,,season_totals,
,,,,Ind,2001,currentPlayer,2000,,,,,11,0,88,5,https://www.sports-reference.com/cfb/players/anthony-henry-1.html,,Anthony Henry,DB,,South Florida,2026-04-02T07:01:28.728Z,,season_totals,
,,,,Big Ten,2001,currentPlayer,2000,,,,,11,0,7,3,https://www.sports-reference.com/cfb/players/renaldo-hill-1.html,,Renaldo Hill,DB,,Michigan State,2026-04-02T07:01:33.665Z,,season_totals,
,,SR,,CUSA,2001,currentPlayer,2000,,,,,11,0,32,6,https://www.sports-reference.com/cfb/players/rashad-holman-1.html,,Rashad Holman,DB,,Louisville,2026-04-02T07:01:38.687Z,,season_totals,
,,SR,,MWC,2001,currentPlayer,2000,,,,,11,0,0,2,https://www.sports-reference.com/cfb/players/john-howell-1.html,,John Howell,DB,,Colorado State,2026-04-02T07:01:43.655Z,,season_totals,
,,SR,,Big 12,2001,currentPlayer,2000,,,,,9,0,88,2,https://www.sports-reference.com/cfb/players/michael-jameson-1.html,,Michael Jameson,DB,,Texas A&M,2026-04-02T07:01:48.667Z,,season_totals,
,,SR,,Big Ten,2001,currentPlayer,2000,,,,,12,0,31,3,https://www.sports-reference.com/cfb/players/bhawoh-jue-1.html,,Bhawoh Jue,DB,,Penn State,2026-04-02T07:01:53.856Z,,season_totals,
,,SR,,SEC,2001,currentPlayer,2000,,,,,11,0,20,1,https://www.sports-reference.com/cfb/players/eric-kelly-1.html,,Eric Kelly,DB,,Kentucky,2026-04-02T07:01:58.660Z,,season_totals,
,,SR,,SEC,2001,currentPlayer,2000,,,,,11,0,60,5,https://www.sports-reference.com/cfb/players/ken-lucas-1.html,,Ken Lucas,WR/DB,,Ole Miss,2026-04-02T07:02:03.684Z,,season_totals,
,,SR,,SEC,2001,currentPlayer,2000,,,,,11,0,0,0,https://www.sports-reference.com/cfb/players/marlon-mccree-1.html,,Marlon McCree,LB,,Kentucky,2026-04-02T07:02:08.726Z,,season_totals,
,,JR,,Big Ten,2001,currentPlayer,2000,,,,,8,0,29,1,https://www.sports-reference.com/cfb/players/willie-middlebrooks-1.html,,Willie Middlebrooks,DB,,Minnesota,2026-04-02T07:02:13.655Z,,season_totals,
,,SR,,Big East,2001,currentPlayer,2000,,,,,11,1,34,2,https://www.sports-reference.com/cfb/players/leonard-myers-1.html,,Leonard Myers,DB,,Miami (FL),2026-04-02T07:02:18.785Z,,season_totals,
,AA,SR,,MAC,2001,currentPlayer,2000,,,,,11,2,208,10,https://www.sports-reference.com/cfb/players/dwight-smith-1.html,,Dwight Smith,DB,,Akron,2026-04-02T07:02:31.578Z,,season_totals,
,AA,SR,,SEC,2001,currentPlayer,2000,,,,,11,0,31,5,https://www.sports-reference.com/cfb/players/fred-smoot-1.html,,Fred Smoot,DB,,Mississippi State,2026-04-02T07:02:36.521Z,,season_totals,
,,SR,,CUSA,2001,currentPlayer,2000,,,,,11,0,28,2,https://www.sports-reference.com/cfb/players/michael-stone-1.html,,Michael Stone,DB,,Memphis,2026-04-02T07:02:41.522Z,,season_totals,
,,SR,,CUSA,2001,currentPlayer,2000,,,,,11,1,54,2,https://www.sports-reference.com/cfb/players/raymond-walls-1.html,,Raymond Walls,WR/DB,,Southern Mississippi,2026-04-02T07:02:46.694Z,,season_totals,
,,SR,,Ind,2001,currentPlayer,2000,,,,,11,0,0,1,https://www.sports-reference.com/cfb/players/brock-williams-1.html,,Brock Williams,DB,,Notre Dame,2026-04-02T07:02:51.514Z,,season_totals,
,,SR,,SEC,2001,currentPlayer,2000,,,,,9,0,64,4,https://www.sports-reference.com/cfb/players/jimmy-williams-1.html,,Jimmy Williams,RB/DB,,Vanderbilt,2026-04-02T07:02:56.565Z,,season_totals,
,,SR,,Pac-10,2002,currentPlayer,2001,,,,,11,0,20,2,https://www.sports-reference.com/cfb/players/marques-anderson-1.html,,Marques Anderson,DB,,UCLA,2026-04-02T07:03:01.519Z,,season_totals,
,,SR,,Pac-10,2002,currentPlayer,2001,,,,,11,0,39,2,https://www.sports-reference.com/cfb/players/rashad-bauman-1.html,,Rashad Bauman,DB,,Oregon,2026-04-02T07:03:06.501Z,,season_totals,
,,SR,,MWC,2002,currentPlayer,2001,,,,,11,1,90,2,https://www.sports-reference.com/cfb/players/sam-brandon-1.html,,Sam Brandon,WR/DB,,Nevada-Las Vegas,2026-04-02T07:03:24.520Z,,season_totals,
,,SR,,SEC,2002,currentPlayer,2001,,,,,11,0,9,2,https://www.sports-reference.com/cfb/players/sheldon-brown-1.html,,Sheldon Brown,DB,,South Carolina,2026-04-02T07:03:29.355Z,,season_totals,
,,JR,,Big East,2002,currentPlayer,2001,,,,,11,1,157,5,https://www.sports-reference.com/cfb/players/phillip-buchanon-1.html,,Phillip Buchanon,DB,,Miami (FL),2026-04-02T07:03:34.385Z,,season_totals,
,,SR,,Pac-10,2002,currentPlayer,2001,,,,,9,0,7,2,https://www.sports-reference.com/cfb/players/chris-cash-1.html,,Chris Cash,DB,,USC,2026-04-02T07:03:39.380Z,,season_totals,
,,SR,,Big 12,2002,currentPlayer,2001,,,,,12,1,97,3,https://www.sports-reference.com/cfb/players/keyuo-craver-1.html,,Keyuo Craver,DB,,Nebraska,2026-04-02T07:03:44.523Z,,season_totals,
,,SR,,Big 12,2002,currentPlayer,2001,,,,,11,0,19,4,https://www.sports-reference.com/cfb/players/kevin-curtis-1.html,,Kevin Curtis,DB,,Texas Tech,2026-04-02T07:03:49.431Z,,season_totals,
,,SR,,Big Ten,2002,currentPlayer,2001,,,,,12,0,1,3,https://www.sports-reference.com/cfb/players/mike-echols-1.html,,Mike Echols,DB,,Wisconsin,2026-04-02T07:03:54.423Z,,season_totals,
,,SR,,Big 12,2002,currentPlayer,2001,,,,,11,0,89,5,https://www.sports-reference.com/cfb/players/demarcus-faggins-1.html,,Demarcus Faggins,DB,,Kansas State,2026-04-02T07:03:59.442Z,,season_totals,
,,SR,,WAC,2002,currentPlayer,2001,,,,,11,1,38,2,https://www.sports-reference.com/cfb/players/bobby-gray-1.html,,Bobby Gray,DB,,Louisiana Tech,2026-04-02T07:04:04.405Z,,season_totals,
,,SR,,ACC,2002,currentPlayer,2001,,,,,11,0,0,3,https://www.sports-reference.com/cfb/players/chris-hope-1.html,,Chris Hope,DB,,Florida State,2026-04-02T07:04:09.403Z,,season_totals,
,AA,SR,,Big 12,2002,currentPlayer,2001,,,,,12,0,0,2,https://www.sports-reference.com/cfb/players/quentin-jammer-1.html,,Quentin Jammer,DB,,Texas,2026-04-02T07:04:14.389Z,,season_totals,
,,SR,,Big 12,2002,currentPlayer,2001,,,,,12,1,78,5,https://www.sports-reference.com/cfb/players/michael-lewis-1.html,,Michael Lewis,DB,,Colorado,2026-04-02T07:04:19.451Z,,season_totals,
,,SR,,Pac-10,2002,currentPlayer,2001,,,,,11,1,21,1,https://www.sports-reference.com/cfb/players/omare-lowe-1.html,,Omare Lowe,LB/DB,,Washington,2026-04-02T07:04:37.339Z,,season_totals,
,,SR,,Pac-10,2002,currentPlayer,2001,,,,,11,0,14,2,https://www.sports-reference.com/cfb/players/wesly-mallard-1.html,,Wesly Mallard,LB,,Oregon,2026-04-02T07:04:42.255Z,,season_totals,
,,SR,,SEC,2002,currentPlayer,2001,,,,,11,0,18,1,https://www.sports-reference.com/cfb/players/marquand-manuel-1.html,,Marquand Manuel,DB,,Florida,2026-04-02T07:04:47.405Z,,season_totals,
,,SR,,Big 12,2002,currentPlayer,2001,,,,,9,0,54,4,https://www.sports-reference.com/cfb/players/jon-mcgraw-1.html,,Jon McGraw,DB,,Kansas State,2026-04-02T07:04:52.344Z,,season_totals,
,,SR,,SEC,2002,currentPlayer,2001,,,,,11,0,2,1,https://www.sports-reference.com/cfb/players/willie-offord-1.html,,Willie Offord,DB,,South Carolina,2026-04-02T07:05:05.040Z,,season_totals,
,,SR,,SEC,2002,currentPlayer,2001,,,,,11,1,89,3,https://www.sports-reference.com/cfb/players/jermaine-phillips-1.html,,Jermaine Phillips,WR/DB,,Georgia,2026-04-02T07:05:10.111Z,,season_totals,
,AA,SR,,Big East,2002,currentPlayer,2001,,,,,11,2,206,9,https://www.sports-reference.com/cfb/players/ed-reed-1.html,,Ed Reed,DB,,Miami (FL),2026-04-02T07:05:15.142Z,,season_totals,
,,SR,,Pac-10,2002,currentPlayer,2001,,,,,11,1,94,2,https://www.sports-reference.com/cfb/players/kris-richard-1.html,,Kris Richard,DB,,USC,2026-04-02T07:05:20.117Z,,season_totals,
,,JR,,Big Ten,2002,currentPlayer,2001,,,,,11,1,194,7,https://www.sports-reference.com/cfb/players/derek-ross-1.html,,Derek Ross,PR/DB,,Ohio State,2026-04-02T07:05:25.137Z,,season_totals,
,,JR,,SEC,2002,currentPlayer,2001,,,,,11,0,7,2,https://www.sports-reference.com/cfb/players/lito-sheppard-1.html,,Lito Sheppard,DB,,Florida,2026-04-02T07:05:42.763Z,,season_totals,
,,SR,,SEC,2002,currentPlayer,2001,,,,,11,0,6,1,https://www.sports-reference.com/cfb/players/kevin-thomas-1.html,,Kevin Thomas,DB/LB,,Ole Miss,2026-04-02T07:05:47.775Z,,season_totals,
,,SR,,Pac-10,2002,currentPlayer,2001,,,,,11,1,96,8,https://www.sports-reference.com/cfb/players/lamont-thompson-1.html,,Lamont Thompson,DB,,Washington State,2026-04-02T07:05:53.082Z,,season_totals,
,,SR,,CUSA,2002,currentPlayer,2001,,,,,11,0,11,1,https://www.sports-reference.com/cfb/players/chad-williams-1.html,,Chad Williams,DB,,Southern Mississippi,2026-04-02T07:06:05.563Z,,season_totals,
,"H-7,Nagurski,AA",JR,,Big 12,2002,currentPlayer,2001,,,,,12,0,0,0,https://www.sports-reference.com/cfb/players/roy-williams-2.html,,Roy Williams,DB,,Oklahoma,2026-04-02T07:06:18.718Z,,season_totals,
,,SR,,Pac-10,2002,currentPlayer,2001,,,,,11,0,22,5,https://www.sports-reference.com/cfb/players/tank-williams-1.html,,Tank Williams,DB,,Stanford,2026-04-02T07:06:23.655Z,,season_totals,
,,SR,,Pac-10,2002,currentPlayer,2001,,,,,11,0,0,0,https://www.sports-reference.com/cfb/players/coy-wire-1.html,,Coy Wire,RB/LB,,Stanford,2026-04-02T07:06:28.670Z,,season_totals,
,,SR,,ACC,2002,currentPlayer,2001,,,,,12,0,14,1,https://www.sports-reference.com/cfb/players/chris-young-1.html,,Chris Young,DB,,Georgia Tech,2026-04-02T07:06:33.663Z,,season_totals,
,,SR,,Pac-10,2003,currentPlayer,2002,,,,,12,1,85,3,https://www.sports-reference.com/cfb/players/nnamdi-asomugha-1.html,,Nnamdi Asomugha,DB,,California,2026-04-02T07:06:38.716Z,,season_totals,
,,SR,,SEC,2003,currentPlayer,2002,,,,,13,0,0,1,https://www.sports-reference.com/cfb/players/julian-battle-1.html,,Julian Battle,DB,,Tennessee,2026-04-02T07:06:43.678Z,,season_totals,
,,SR,,Pac-10,2003,currentPlayer,2002,,,,,11,0,0,2,https://www.sports-reference.com/cfb/players/colin-branch-1.html,,Colin Branch,DB,,Stanford,2026-04-02T07:06:48.730Z,,season_totals,
,,SR,,CUSA,2003,currentPlayer,2002,,,,,13,0,25,2,https://www.sports-reference.com/cfb/players/curry-burns-1.html,,Curry Burns,DB,,Louisville,2026-04-02T07:06:53.742Z,,season_totals,
,,SR,,Big East,2003,currentPlayer,2002,,,,,13,0,41,2,https://www.sports-reference.com/cfb/players/torrie-cox-1.html,,Torrie Cox,RB/DB,,Pitt,2026-04-02T07:06:58.844Z,,season_totals,
,,SR,,Big 12,2003,currentPlayer,2002,,,,,12,0,35,2,https://www.sports-reference.com/cfb/players/sammy-davis-1.html,,Sammy Davis,DB,,Texas A&M,2026-04-02T07:07:03.724Z,,season_totals,
,AA,SR,,Big Ten,2003,currentPlayer,2002,,,,,14,1,80,2,https://www.sports-reference.com/cfb/players/mike-doss-1.html,,Mike Doss,DB,,Ohio State,2026-04-02T07:07:08.681Z,,season_totals,
,,SR,,WAC,2003,currentPlayer,2002,,,,,9,0,5,2,https://www.sports-reference.com/cfb/players/kevin-garrett-1.html,,Kevin Garrett,DB,,SMU,2026-04-02T07:07:21.557Z,,season_totals,
,,SR,,Big 12,2003,currentPlayer,2002,,,,,14,0,26,4,https://www.sports-reference.com/cfb/players/dejuan-groce-1.html,,Dejuan Groce,DB,,Nebraska,2026-04-02T07:07:26.666Z,,season_totals,
,,JR,,SEC,2003,currentPlayer,2002,,,,,14,0,33,4,https://www.sports-reference.com/cfb/players/ken-hamlin-1.html,,Ken Hamlin,DB,,Arkansas,2026-04-02T07:07:31.563Z,,season_totals,
,,SR,,ACC,2003,currentPlayer,2002,,,,,14,0,12,3,https://www.sports-reference.com/cfb/players/terrence-holt-1.html,,Terrence Holt,DB,,North Carolina State,2026-04-02T07:07:36.696Z,,season_totals,
,,SR,,SEC,2003,currentPlayer,2002,,,,,12,0,0,2,https://www.sports-reference.com/cfb/players/todd-johnson-1.html,,Todd Johnson,DB,,Florida,2026-04-02T07:07:41.614Z,,season_totals,
,,SR,,Big 12,2003,currentPlayer,2002,,,,,12,0,19,3,https://www.sports-reference.com/cfb/players/terrence-kiel-1.html,,Terrence Kiel,DB,,Texas A&M,2026-04-02T07:07:59.312Z,,season_totals,
,,SR,,Big Ten,2003,currentPlayer,2002,,,,,10,0,28,2,https://www.sports-reference.com/cfb/players/michael-lehan-1.html,,Michael Lehan,DB,,Minnesota,2026-04-02T07:08:04.352Z,,season_totals,
,,SR,,Pac-10,2003,currentPlayer,2002,,,,,13,1,47,4,https://www.sports-reference.com/cfb/players/ricky-manning-1.html,,Ricky Manning,DB,,UCLA,2026-04-02T07:08:22.007Z,,season_totals,
,,SR,,CUSA,2003,currentPlayer,2002,,,,,12,0,19,1,https://www.sports-reference.com/cfb/players/hanik-milligan-1.html,,Hanik Milligan,DB,,Houston,2026-04-02T07:08:42.350Z,,season_totals,
,AA,SR,,Big 12,2003,currentPlayer,2002,,,,,13,0,21,5,https://www.sports-reference.com/cfb/players/terence-newman-1.html,,Terence Newman,DB,,Kansas State,2026-04-02T07:08:47.355Z,,season_totals,
,,SR,,Big Ten,2003,currentPlayer,2002,,,,,14,0,0,0,https://www.sports-reference.com/cfb/players/donnie-nickey-1.html,,Donnie Nickey,DB,,Ohio State,2026-04-02T07:08:52.383Z,,season_totals,
,,SR,,Big Ten,2003,currentPlayer,2002,,,,,13,1,89,4,https://www.sports-reference.com/cfb/players/derek-pagel-1.html,,Derek Pagel,DB,,Iowa,2026-04-02T07:08:57.346Z,,season_totals,
,,SR,,Big East,2003,currentPlayer,2002,,,,,14,1,171,4,https://www.sports-reference.com/cfb/players/willie-pile-1.html,,Willie Pile,DB,,Virginia Tech,2026-04-02T07:09:02.377Z,,season_totals,
,AA,SR,,Pac-10,2003,currentPlayer,2002,,,,,12,0,33,1,https://www.sports-reference.com/cfb/players/troy-polamalu-1.html,,Troy Polamalu,DB,,USC,2026-04-02T07:09:07.380Z,,season_totals,
,,SR,,MAC,2003,currentPlayer,2002,,,,,12,0,26,4,https://www.sports-reference.com/cfb/players/asante-samuel-1.html,,Asante Samuel,DB,,UCF,2026-04-02T07:09:12.391Z,,season_totals,
,,SR,,Ind,2003,currentPlayer,2002,,,,,13,0,17,4,https://www.sports-reference.com/cfb/players/gerome-sapp-1.html,,Gerome Sapp,DB,,Notre Dame,2026-04-02T07:09:17.395Z,,season_totals,
,,SR,,Big Ten,2003,currentPlayer,2002,,,,,13,0,47,4,https://www.sports-reference.com/cfb/players/bryan-scott-1.html,,Bryan Scott,DB,,Penn State,2026-04-02T07:09:22.388Z,,season_totals,
,,SR,,Big 12,2003,currentPlayer,2002,,,,,14,2,186,2,https://www.sports-reference.com/cfb/players/donald-strickland-1.html,,Donald Strickland,DB,,Colorado,2026-04-02T07:09:27.447Z,,season_totals,
,,SR,,Sun Belt,2003,currentPlayer,2002,,,,,12,0,8,2,https://www.sports-reference.com/cfb/players/charles-tillman-1.html,,Charles Tillman,DB,,Louisiana,2026-04-02T07:09:32.420Z,,season_totals,
,,SR,,Pac-10,2003,currentPlayer,2002,,,,,13,0,33,3,https://www.sports-reference.com/cfb/players/marcus-trufant-1.html,,Marcus Trufant,DB,,Washington State,2026-04-02T07:09:37.437Z,,season_totals,
,,SR,,Big Ten,2003,currentPlayer,2002,,,,,14,1,67,5,https://www.sports-reference.com/cfb/players/bj-tucker-1.html,,B.J. Tucker,DB,,Wisconsin,2026-04-02T07:09:42.425Z,,season_totals,
,AA,SR,,Ind,2003,currentPlayer,2002,,,,,13,2,84,7,https://www.sports-reference.com/cfb/players/shane-walton-1.html,,Shane Walton,DB,,Notre Dame,2026-04-02T07:09:47.371Z,,season_totals,
,,SR,,Big Ten,2003,currentPlayer,2002,,,,,12,0,0,1,https://www.sports-reference.com/cfb/players/eugene-wilson-1.html,,Eugene Wilson,DB,,Illinois,2026-04-02T07:09:52.480Z,,season_totals,
,,SR,,Big 12,2003,currentPlayer,2002,,,,,13,0,0,2,https://www.sports-reference.com/cfb/players/andre-woolfolk-1.html,,Andre Woolfolk,WR/DB,,Oklahoma,2026-04-02T07:09:57.440Z,,season_totals,
,AA,SR,,Big Ten,2004,currentPlayer,2003,,,,,13,1,107,2,https://www.sports-reference.com/cfb/players/will-allen-1.html,,Will Allen,DB,,Ohio State,2026-04-02T07:10:02.280Z,,season_totals,
,,SR,,CUSA,2004,currentPlayer,2003,,,,,11,0,24,3,https://www.sports-reference.com/cfb/players/greg-brooks-1.html,,Greg Brooks,DB,,Southern Mississippi,2026-04-02T07:10:07.577Z,,season_totals,
,,JR,,SEC,2004,currentPlayer,2003,,,,,13,0,0,3,https://www.sports-reference.com/cfb/players/ahmad-carroll-1.html,,Ahmad Carroll,DB,,Arkansas,2026-04-02T07:10:12.451Z,,season_totals,
,,SR,,Pac-10,2004,currentPlayer,2003,,,,,13,0,22,7,https://www.sports-reference.com/cfb/players/erik-coleman-1.html,,Erik Coleman,DB,,Washington State,2026-04-02T07:10:25.174Z,,season_totals,
,,SR,,Ind,2004,currentPlayer,2003,,,,,12,0,0,1,https://www.sports-reference.com/cfb/players/glenn-earl-1.html,,Glenn Earl,DB,,Notre Dame,2026-04-02T07:10:30.115Z,,season_totals,
,,JR,,Big Ten,2004,currentPlayer,2003,,,,,13,0,0,3,https://www.sports-reference.com/cfb/players/chris-gamble-1.html,,Chris Gamble,WR,,Ohio State,2026-04-02T07:10:35.184Z,,season_totals,
,,SR,,Big Ten,2004,currentPlayer,2003,,,,,12,0,22,1,https://www.sports-reference.com/cfb/players/rich-gardner-1.html,,Rich Gardner,DB,,Penn State,2026-04-02T07:10:40.201Z,,season_totals,
,,JR,,Big East,2004,currentPlayer,2003,,,,,13,0,0,1,https://www.sports-reference.com/cfb/players/deangelo-hall-1.html,,Deangelo Hall,DB,,Virginia Tech,2026-04-02T07:10:45.192Z,,season_totals,
,,SR,,SEC,2004,currentPlayer,2003,,,,,13,0,5,4,https://www.sports-reference.com/cfb/players/von-hutchins-1.html,,Von Hutchins,DB,,Ole Miss,2026-04-02T07:10:50.331Z,,season_totals,
,,JR,,SEC,2004,currentPlayer,2003,,,,,12,0,42,5,https://www.sports-reference.com/cfb/players/sean-jones-1.html,,Sean Jones,DB,,Georgia,2026-04-02T07:10:55.161Z,,season_totals,
,,SR,,Pac-10,2004,currentPlayer,2003,,,,,13,1,31,3,https://www.sports-reference.com/cfb/players/keith-lewis-1.html,,Keith Lewis,DB,,Oregon,2026-04-02T07:11:00.184Z,,season_totals,
,,SO,,Pac-10,2004,currentPlayer,2003,,,,,13,1,70,7,https://www.sports-reference.com/cfb/players/will-poole-1.html,,Will Poole,DB,,USC,2026-04-02T07:11:05.167Z,,season_totals,
,,SR,,CUSA,2004,currentPlayer,2003,,,,,13,0,32,3,https://www.sports-reference.com/cfb/players/etric-pruitt-1.html,,Etric Pruitt,DB,,Southern Mississippi,2026-04-02T07:11:10.232Z,,season_totals,
,AA,SR,,SEC,2004,currentPlayer,2003,,,,,13,2,182,9,https://www.sports-reference.com/cfb/players/keiwan-ratliff-1.html,,Keiwan Ratliff,DB,,Florida,2026-04-02T07:11:15.242Z,,season_totals,
,,SR,,SEC,2004,currentPlayer,2003,,,,,12,1,29,1,https://www.sports-reference.com/cfb/players/dunta-robinson-1.html,,Dunta Robinson,DB,,South Carolina,2026-04-02T07:11:32.976Z,,season_totals,
,,SR,,Big Ten,2004,currentPlayer,2003,,,,,10,0,0,1,https://www.sports-reference.com/cfb/players/bob-sanders-1.html,,Bob Sanders,DB,,Iowa,2026-04-02T07:11:38.070Z,,season_totals,
,,SR,,Big Ten,2004,currentPlayer,2003,,,,,13,0,62,4,https://www.sports-reference.com/cfb/players/stuart-schweigert-1.html,,Stuart Schweigert,WR/DB,,Purdue,2026-04-02T07:11:42.952Z,,season_totals,
,,SR,,SEC,2004,currentPlayer,2003,,,,,13,1,47,2,https://www.sports-reference.com/cfb/players/guss-scott-1.html,,Guss Scott,DB,,Florida,2026-04-02T07:11:47.885Z,,season_totals,
,,JR,,Pac-10,2004,currentPlayer,2003,,,,,11,0,85,3,https://www.sports-reference.com/cfb/players/jason-shivers-1.html,,Jason Shivers,DB,,Arizona State,2026-04-02T07:11:53.004Z,,season_totals,
,,SR,,MWC,2004,currentPlayer,2003,,,,,12,0,8,1,https://www.sports-reference.com/cfb/players/jeff-shoate-1.html,,Jeff Shoate,DB,,San Diego State,2026-04-02T07:11:57.906Z,,season_totals,
,"Nagurski,AA",SR,,Big 12,2004,currentPlayer,2003,,,,,13,0,127,3,https://www.sports-reference.com/cfb/players/derrick-strait-1.html,,Derrick Strait,DB,,Oklahoma,2026-04-02T07:12:45.053Z,,season_totals,
,AA,JR,,Big East,2004,currentPlayer,2003,,,,,12,3,184,10,https://www.sports-reference.com/cfb/players/sean-taylor-1.html,,Sean Taylor,DB,,Miami (FL),2026-04-02T07:12:50.037Z,,season_totals,
,,SR,,SEC,2004,currentPlayer,2003,,,,,14,0,4,2,https://www.sports-reference.com/cfb/players/bruce-thornton-1.html,,Bruce Thornton,RB/DB,,Georgia,2026-04-02T07:13:38.824Z,,season_totals,
,,SR,,Big 12,2004,currentPlayer,2003,,,,,13,0,12,6,https://www.sports-reference.com/cfb/players/nathan-vasher-1.html,,Nathan Vasher,DB,,Texas,2026-04-02T07:13:43.829Z,,season_totals,
,,SR,,ACC,2004,currentPlayer,2003,,,,,12,0,0,0,https://www.sports-reference.com/cfb/players/michael-waddell-1.html,,Michael Waddell,DB,,North Carolina,2026-04-02T07:13:48.753Z,,season_totals,
,,JR,,Pac-10,2004,currentPlayer,2003,,,,,10,0,12,2,https://www.sports-reference.com/cfb/players/matt-ware-1.html,,Matt Ware,DB,,UCLA,2026-04-02T07:13:53.877Z,,season_totals,
,,SR,,Big 12,2004,currentPlayer,2003,,,,,15,1,67,3,https://www.sports-reference.com/cfb/players/rashad-washington-1.html,,Rashad Washington,RB/DB,,Kansas State,2026-04-02T07:13:58.759Z,,season_totals,
,,SR,,ACC,2004,currentPlayer,2003,,,,,13,0,10,3,https://www.sports-reference.com/cfb/players/madieu-williams-1.html,,Madieu Williams,DB,,Maryland,2026-04-02T07:14:03.694Z,,season_totals,
,,SR,,SEC,2004,currentPlayer,2003,,,,,13,0,1,3,https://www.sports-reference.com/cfb/players/gibril-wilson-1.html,,Gibril Wilson,DB,,Tennessee,2026-04-02T07:14:08.795Z,,season_totals,
,,SR,,MWC,2004,currentPlayer,2003,,,,,13,0,6,1,https://www.sports-reference.com/cfb/players/dexter-wynn-1.html,,Dexter Wynn,DB,,Colorado State,2026-04-02T07:14:13.792Z,,season_totals,
,,SR,,Pac-10,2005,currentPlayer,2004,,,,,11,0,3,1,https://www.sports-reference.com/cfb/players/hamza-abdullah-1.html,,Hamza Abdullah,DB,,Washington State,2026-04-02T07:14:18.704Z,,season_totals,
,,JR,,Big 12,2005,currentPlayer,2004,,,,,11,0,38,2,https://www.sports-reference.com/cfb/players/josh-bullocks-1.html,,Josh Bullocks,QB/DB,,Nebraska,2026-04-02T07:14:23.758Z,,season_totals,
,,SR,,ACC,2005,currentPlayer,2004,,,,,12,0,3,1,https://www.sports-reference.com/cfb/players/jerome-carter-1.html,,Jerome Carter,DB,,Florida State,2026-04-02T07:14:28.785Z,,season_totals,
,,SR,,Big Ten,2005,currentPlayer,2004,,,,,10,0,62,3,https://www.sports-reference.com/cfb/players/sean-considine-1.html,,Sean Considine,DB,,Iowa,2026-04-02T07:14:49.762Z,,season_totals,
,,SR,,SEC,2005,currentPlayer,2004,,,,,12,1,1,0,https://www.sports-reference.com/cfb/players/travis-daniels-1.html,,Travis Daniels,DB,,LSU,2026-04-02T07:14:54.786Z,,season_totals,
,AA,JR,,SEC,2005,currentPlayer,2004,,,,,11,0,0,1,https://www.sports-reference.com/cfb/players/thomas-davis-1.html,,Thomas Davis,DB/LB,,Georgia,2026-04-02T07:14:59.699Z,,season_totals,
,,SR,,Pac-10,2005,currentPlayer,2004,,,,,12,0,0,1,https://www.sports-reference.com/cfb/players/ben-emanuel-1.html,,Ben Emanuel,DB,,UCLA,2026-04-02T07:15:04.718Z,,season_totals,
,,SR,,ACC,2005,currentPlayer,2004,,,,,13,0,12,3,https://www.sports-reference.com/cfb/players/vincent-fuller-1.html,,Vincent Fuller,DB,,Virginia Tech,2026-04-02T07:15:40.191Z,,season_totals,
,,SR,,ACC,2005,currentPlayer,2004,,,,,13,0,47,1,https://www.sports-reference.com/cfb/players/eric-green-1.html,,Eric Green,DB,,Virginia Tech,2026-04-02T07:15:45.428Z,,season_totals,
,,SR,,Big Ten,2005,currentPlayer,2004,,,,,11,1,84,4,https://www.sports-reference.com/cfb/players/kelvin-hayden-1.html,,Kelvin Hayden,WR/DB,,Illinois,2026-04-02T07:15:50.749Z,,season_totals,
,,,,Big 12,2005,currentPlayer,2004,,,,,12,1,117,5,https://www.sports-reference.com/cfb/players/ellis-hobbs-1.html,,Ellis Hobbs,DB,,Iowa State,2026-04-02T07:15:55.386Z,,season_totals,
,,SR,,CUSA,2005,currentPlayer,2004,,,,,12,0,0,2,https://www.sports-reference.com/cfb/players/daven-holly-1.html,,Daven Holly,WR/DB,,Cincinnati,2026-04-02T07:16:00.439Z,,season_totals,
,AA,SR,,Big Ten,2005,currentPlayer,2004,,,,,12,0,34,1,https://www.sports-reference.com/cfb/players/marlin-jackson-1.html,,Marlin Jackson,DB,,Michigan,2026-04-02T07:16:05.720Z,,season_totals,
,"Nagurski,AA",SR,,Big 12,2005,currentPlayer,2004,,,,,12,0,18,1,https://www.sports-reference.com/cfb/players/derrick-johnson-3.html,,Derrick Johnson,LB,,Texas,2026-04-02T07:16:20.633Z,,season_totals,
,,JR,,Big East,2005,currentPlayer,2004,,,,,12,0,51,3,https://www.sports-reference.com/cfb/players/adam-jones-1.html,,Adam Jones,DB,,West Virginia,2026-04-02T07:16:25.552Z,,season_totals,
,,SR,,ACC,2005,currentPlayer,2004,,,,,10,0,0,1,https://www.sports-reference.com/cfb/players/eric-king-1.html,,Eric King,DB,,Wake Forest,2026-04-02T07:16:30.425Z,,season_totals,
,,SR,,ACC,2005,currentPlayer,2004,,,,,12,0,0,1,https://www.sports-reference.com/cfb/players/bryant-mcfadden-1.html,,Bryant McFadden,DB,,Florida State,2026-04-02T07:16:35.549Z,,season_totals,
,,SR,,Big 12,2005,currentPlayer,2004,,,,,13,0,32,1,https://www.sports-reference.com/cfb/players/donte-nicholson-1.html,,Donte Nicholson,DB,,Oklahoma,2026-04-02T07:16:40.714Z,,season_totals,
,,SR,,Pac-10,2005,currentPlayer,2004,,,,,11,0,5,2,https://www.sports-reference.com/cfb/players/karl-paymah-1.html,,Karl Paymah,DB,,Washington State,2026-04-02T07:16:45.496Z,,season_totals,
,,SR,,Big 12,2005,currentPlayer,2004,,,,,12,0,0,1,https://www.sports-reference.com/cfb/players/antonio-perkins-1.html,,Antonio Perkins,DB,,Oklahoma,2026-04-02T07:16:50.662Z,,season_totals,
,,JR,,Big 12,2005,currentPlayer,2004,,,,,13,0,42,2,https://www.sports-reference.com/cfb/players/brodney-pool-1.html,,Brodney Pool,DB,,Oklahoma,2026-04-02T07:16:55.545Z,,season_totals,
,,SR,,CUSA,2005,currentPlayer,2004,,,,,12,1,56,6,https://www.sports-reference.com/cfb/players/kerry-rhodes-1.html,,Kerry Rhodes,DB,,Louisville,2026-04-02T07:17:00.737Z,,season_totals,
,AA,SR,,SEC,2005,currentPlayer,2004,,,,,13,1,53,2,https://www.sports-reference.com/cfb/players/carlos-rogers-1.html,,Carlos Rogers,DB,,Auburn,2026-04-02T07:17:05.736Z,,season_totals,
,AA,SR,,ACC,2005,currentPlayer,2004,,,,,12,0,6,1,https://www.sports-reference.com/cfb/players/antrel-rolle-1.html,,Antrel Rolle,DB,,Miami (FL),2026-04-02T07:17:10.627Z,,season_totals,
,,SR,,CUSA,2005,currentPlayer,2004,,,,,10,0,37,2,https://www.sports-reference.com/cfb/players/stanford-routt-1.html,,Stanford Routt,DB,,Houston,2026-04-02T07:17:15.646Z,,season_totals,
,,SR,,ACC,2005,currentPlayer,2004,,,,,12,0,0,1,https://www.sports-reference.com/cfb/players/gerald-sensabaugh-1.html,,Gerald Sensabaugh,DB,,North Carolina,2026-04-02T07:17:20.763Z,,season_totals,
,,SR,,Big Ten,2005,currentPlayer,2004,,,,,12,0,16,1,https://www.sports-reference.com/cfb/players/scott-starks-1.html,,Scott Starks,DB,,Wisconsin,2026-04-02T07:17:25.724Z,,season_totals,
,,SR,,MWC,2005,currentPlayer,2004,,,,,11,0,21,2,https://www.sports-reference.com/cfb/players/marviel-underwood-1.html,,Marviel Underwood,DB,,San Diego State,2026-04-02T07:17:30.850Z,,season_totals,
,,JR,,Big 12,2005,currentPlayer,2004,,,,,11,0,23,3,https://www.sports-reference.com/cfb/players/fabian-washington-1.html,,Fabian Washington,DB,,Nebraska,2026-04-02T07:17:35.595Z,,season_totals,
,,SR,,SEC,2005,currentPlayer,2004,,,,,11,0,46,2,https://www.sports-reference.com/cfb/players/corey-webster-1.html,,Corey Webster,DB,,LSU,2026-04-02T07:17:40.803Z,,season_totals,
,,SR,,Big 12,2005,currentPlayer,2004,,,,,7,0,0,0,https://www.sports-reference.com/cfb/players/darrent-williams-1.html,,Darrent Williams,DB,,Oklahoma State,2026-04-02T07:17:45.707Z,,season_totals,
,,SR,,Pac-10,2005,currentPlayer,2004,,,,,11,0,51,1,https://www.sports-reference.com/cfb/players/stanley-wilson-1.html,,Stanley Wilson,DB,,Stanford,2026-04-02T07:17:50.581Z,,season_totals,
,,SR,,Big East,2006,currentPlayer,2005,,,,,12,0,0,0,https://www.sports-reference.com/cfb/players/jason-allen-1.html,2,Jason Allen,LB/DL,,South Florida,2026-04-02T07:17:55.594Z,,season_totals,
,,SR,,Big 12,2006,currentPlayer,2005,,,,,11,0,0,0,https://www.sports-reference.com/cfb/players/willie-andrews-1.html,0,Willie Andrews,DB,,Baylor,2026-04-02T07:18:00.576Z,,season_totals,
,,JR,,Pac-10,2006,currentPlayer,2005,,,,,12,1,119,4,https://www.sports-reference.com/cfb/players/darnell-bing-1.html,0,Darnell Bing,DB,,USC,2026-04-02T07:18:15.411Z,,season_totals,
,,SR,,ACC,2006,currentPlayer,2005,,,,,12,0,0,0,https://www.sports-reference.com/cfb/players/will-blackmon-1.html,0,Will Blackmon,DB/WR,,Boston College,2026-04-02T07:18:20.631Z,,season_totals,
,AA,SR,,SEC,2006,currentPlayer,2005,,,,,13,0,0,2,https://www.sports-reference.com/cfb/players/greg-blue-1.html,0,Greg Blue,DB,,Georgia,2026-04-02T07:18:25.552Z,,season_totals,
,,SR,,Big 12,2006,currentPlayer,2005,,,,,12,0,12,1,https://www.sports-reference.com/cfb/players/daniel-bullocks-1.html,0,Daniel Bullocks,DB,,Nebraska,2026-04-02T07:18:30.374Z,,season_totals,
,,SR,,Big 12,2006,currentPlayer,2005,,,,,13,0,0,0,https://www.sports-reference.com/cfb/players/cedric-griffin-1.html,0,Cedric Griffin,DB,,Texas,2026-04-02T07:19:00.405Z,,season_totals,
,,SR,,SEC,2006,currentPlayer,2005,,,,,12,0,50,1,https://www.sports-reference.com/cfb/players/roman-harper-1.html,0,Roman Harper,DB,,Alabama,2026-04-02T07:19:05.388Z,,season_totals,
,AA,SR,,ACC,2006,currentPlayer,2005,,,,,12,0,35,3,https://www.sports-reference.com/cfb/players/tye-hill-1.html,0,Tye Hill,RB/DB,,Clemson,2026-04-02T07:19:10.567Z,,season_totals,
,,SR,,ACC,2006,currentPlayer,2005,,,,,12,1,28,2,https://www.sports-reference.com/cfb/players/marcus-hudson-1.html,0,Marcus Hudson,DB,,North Carolina State,2026-04-02T07:19:15.718Z,,season_totals,
,AA,SR,,Big 12,2006,currentPlayer,2005,,,,,13,0,11,1,https://www.sports-reference.com/cfb/players/michael-huff-1.html,0,Michael Huff,DB,,Texas,2026-04-02T07:19:20.617Z,,season_totals,
,,SR,,ACC,2006,currentPlayer,2005,,,,,12,0,36,3,https://www.sports-reference.com/cfb/players/kelly-jennings-1.html,0,Kelly Jennings,DB,,Miami (FL),2026-04-02T07:19:25.524Z,,season_totals,
,,SR,,SEC,2006,currentPlayer,2005,,,,,12,1,79,4,https://www.sports-reference.com/cfb/players/tim-jennings-1.html,0,Tim Jennings,DB,,Georgia,2026-04-02T07:19:30.534Z,,season_totals,
,,SR,,ACC,2006,currentPlayer,2005,,,,,12,0,12,4,https://www.sports-reference.com/cfb/players/dawan-landry-1.html,0,Dawan Landry,DB,,Georgia Tech,2026-04-02T07:19:45.553Z,,season_totals,
,,SR,,Big Ten,2006,currentPlayer,2005,,,,,12,0,36,4,https://www.sports-reference.com/cfb/players/calvin-lowry-1.html,0,Calvin Lowry,DB,,Penn State,2026-04-02T07:19:50.815Z,,season_totals,
,,JR,,WAC,2006,currentPlayer,2005,,,,,13,0,17,3,https://www.sports-reference.com/cfb/players/richard-marshall-1.html,0,Richard Marshall,DB,,Fresno State,2026-04-02T07:20:05.376Z,,season_totals,
,,JR,,MWC,2006,currentPlayer,2005,,,,,11,1,13,3,https://www.sports-reference.com/cfb/players/derrick-martin-1.html,0,Derrick Martin,DB,,Wyoming,2026-04-02T07:20:10.703Z,,season_totals,
,,SR,,Pac-10,2006,currentPlayer,2005,,,,,12,0,0,1,https://www.sports-reference.com/cfb/players/jarrad-page-1.html,0,Jarrad Page,DB,,UCLA,2026-04-02T07:20:15.871Z,,season_totals,
,,SR,,SEC,2006,currentPlayer,2005,,,,,12,0,0,0,https://www.sports-reference.com/cfb/players/charlie-peprah-1.html,5,Charlie Peprah,DB,,Alabama,2026-04-02T07:20:20.504Z,,season_totals,
,,JR,,Big Ten,2006,currentPlayer,2005,,,,,11,0,0,3,https://www.sports-reference.com/cfb/players/bernard-pollard-1.html,0,Bernard Pollard,DB,,Purdue,2026-04-02T07:20:47.194Z,,season_totals,
,,SR,,Big Ten,2006,currentPlayer,2005,,,,,12,0,0,1,https://www.sports-reference.com/cfb/players/nate-salley-1.html,0,Nate Salley,DB,,Ohio State,2026-04-02T07:20:52.473Z,,season_totals,
,,SO,,SEC,2006,currentPlayer,2005,,,,,12,0,16,1,https://www.sports-reference.com/cfb/players/ko-simpson-1.html,0,Ko Simpson,DB,,South Carolina,2026-04-02T07:20:57.470Z,,season_totals,
,,SR,,Big East,2006,currentPlayer,2005,,,,,11,0,73,6,https://www.sports-reference.com/cfb/players/anthony-smith-1.html,0,Anthony Smith,DB,,Syracuse,2026-04-02T07:21:02.586Z,,season_totals,
,,SR,,Big Ten,2006,currentPlayer,2005,,,,,11,0,16,2,https://www.sports-reference.com/cfb/players/eric-smith-2.html,0,Eric Smith,DB,,Michigan State,2026-04-02T07:21:12.403Z,,season_totals,
,,SR,,ACC,2006,currentPlayer,2005,,,,,13,0,34,3,https://www.sports-reference.com/cfb/players/pat-watkins-1.html,0,Pat Watkins,DB,,Florida State,2026-04-02T07:21:17.624Z,,season_totals,
,,JR,,Big Ten,2006,currentPlayer,2005,,,,,12,1,26,2,https://www.sports-reference.com/cfb/players/donte-whitner-1.html,0,Donte Whitner,DB,,Ohio State,2026-04-02T07:21:32.548Z,,season_totals,
,AA,SR,,ACC,2006,currentPlayer,2005,,,,,13,0,0,1,https://www.sports-reference.com/cfb/players/jimmy-williams-2.html,0,Jimmy Williams,DB,,Virginia Tech,2026-04-02T07:21:42.558Z,,season_totals,
,,JR,,Big Ten,2006,currentPlayer,2005,,,,,12,0,-6,1,https://www.sports-reference.com/cfb/players/ashton-youboty-1.html,0,Ashton Youboty,DB,,Ohio State,2026-04-02T07:21:47.569Z,,season_totals,
,,SR,,WAC,2007,currentPlayer,2006,,,,,13,0,25,2,https://www.sports-reference.com/cfb/players/gerald-alexander-1.html,0,Gerald Alexander,DB,,Boise State,2026-04-02T07:21:52.762Z,,season_totals,
,,SR,,SEC,2007,currentPlayer,2006,,,,,13,0,28,2,https://www.sports-reference.com/cfb/players/fred-bennett-1.html,0,Fred Bennett,DB,,South Carolina,2026-04-02T07:21:58.200Z,,season_totals,
,,SR,,Big 12,2007,currentPlayer,2006,,,,,11,0,0,0,https://www.sports-reference.com/cfb/players/tarell-brown-1.html,0,Tarell Brown,DB,,Texas,2026-04-02T07:22:03.034Z,,season_totals,
,,SR,,Pac-10,2007,currentPlayer,2006,,,,,12,1,50,5,https://www.sports-reference.com/cfb/players/eric-frampton-1.html,0,Eric Frampton,DB,,Washington State,2026-04-02T07:22:27.540Z,,season_totals,
,,SR,,ACC,2007,currentPlayer,2006,,,,,14,0,0,5,https://www.sports-reference.com/cfb/players/josh-gattis-1.html,0,Josh Gattis,DB,,Wake Forest,2026-04-02T07:22:32.904Z,,season_totals,
,,SR,,Pac-10,2007,currentPlayer,2006,,,,,11,0,6,1,https://www.sports-reference.com/cfb/players/dashon-goldson-1.html,0,Dashon Goldson,DB,,Washington,2026-04-02T07:22:37.685Z,,season_totals,
,,SR,,Big 12,2007,currentPlayer,2006,,,,,13,0,41,4,https://www.sports-reference.com/cfb/players/michael-griffin-1.html,0,Michael Griffin,DB,,Texas,2026-04-02T07:22:52.513Z,,season_totals,
,AA,SR,,Big Ten,2007,currentPlayer,2006,,,,,13,0,10,3,https://www.sports-reference.com/cfb/players/leon-hall-1.html,0,Leon Hall,DB,,Michigan,2026-04-02T07:22:57.570Z,,season_totals,
,,SR,,Pac-10,2007,currentPlayer,2006,,,,,12,0,15,1,https://www.sports-reference.com/cfb/players/brandon-harrison-2.html,0,Brandon Harrison,DB,,Stanford,2026-04-02T07:23:07.665Z,,season_totals,
,,JR,,SEC,2007,currentPlayer,2006,,,,,14,1,129,3,https://www.sports-reference.com/cfb/players/chris-houston-1.html,0,Chris Houston,DB,,Arkansas,2026-04-02T07:23:12.429Z,,season_totals,
,,SR,,SEC,2007,currentPlayer,2006,,,,,13,0,0,2,https://www.sports-reference.com/cfb/players/david-irons-1.html,0,David Irons,DB,,Auburn,2026-04-02T07:23:27.708Z,,season_totals,
,,SR,,Big East,2007,currentPlayer,2006,,,,,12,0,39,2,https://www.sports-reference.com/cfb/players/tanard-jackson-1.html,0,Tanard Jackson,DB,,Syracuse,2026-04-02T07:23:32.525Z,,season_totals,
,AA,SR,,SEC,2007,currentPlayer,2006,,,,,13,0,58,3,https://www.sports-reference.com/cfb/players/laron-landry-1.html,0,Laron Landry,DB,,LSU,2026-04-02T07:23:47.623Z,,season_totals,
,,SR,,SEC,2007,currentPlayer,2006,,,,,12,0,0,0,https://www.sports-reference.com/cfb/players/trumaine-mcbride-1.html,9,Trumaine McBride,DB,,Ole Miss,2026-04-02T07:23:52.342Z,,season_totals,
,,SR,,WAC,2007,currentPlayer,2006,,,,,12,0,0,0,https://www.sports-reference.com/cfb/players/marcus-mccauley-1.html,0,Marcus McCauley,DB,,Fresno State,2026-04-02T07:23:57.818Z,,season_totals,
,,SR,,CUSA,2007,currentPlayer,2006,,,,,12,0,83,4,https://www.sports-reference.com/cfb/players/brandon-mcdonald-1.html,0,Brandon McDonald,DB,,Memphis,2026-04-02T07:24:02.400Z,,season_totals,
,,SR,,ACC,2007,currentPlayer,2006,,,,,12,0,6,1,https://www.sports-reference.com/cfb/players/brandon-meriweather-1.html,0,Brandon Meriweather,DB,,Miami (FL),2026-04-02T07:24:07.787Z,,season_totals,
,,SR,,Ind,2007,currentPlayer,2006,,,,,13,0,52,2,https://www.sports-reference.com/cfb/players/chinedum-ndukwe-1.html,0,Chinedum Ndukwe,WR/DB,,Notre Dame,2026-04-02T07:24:12.778Z,,season_totals,
,AA,JR,,SEC,2007,currentPlayer,2006,,,,,14,1,70,6,https://www.sports-reference.com/cfb/players/reggie-nelson-1.html,0,Reggie Nelson,DB,,Florida,2026-04-02T07:24:17.443Z,,season_totals,
,,SR,,Sun Belt,2007,currentPlayer,2006,,,,,12,0,50,4,https://www.sports-reference.com/cfb/players/kevin-payne-1.html,0,Kevin Payne,RB/DB,,Louisiana-Monroe,2026-04-02T07:24:32.716Z,,season_totals,
,,SR,,Pac-10,2007,currentPlayer,2006,,,,,14,0,35,5,https://www.sports-reference.com/cfb/players/sabby-piscitelli-1.html,0,Sabby Piscitelli,DB,,Oregon State,2026-04-02T07:24:37.394Z,,season_totals,
,,JR,,Big East,2007,currentPlayer,2006,,,,,12,2,76,2,https://www.sports-reference.com/cfb/players/darrelle-revis-1.html,0,Darrelle Revis,DB,,Pitt,2026-04-02T07:24:42.287Z,,season_totals,
,,SR,,Big 12,2007,currentPlayer,2006,,,,,13,0,7,6,https://www.sports-reference.com/cfb/players/aaron-ross-1.html,0,Aaron Ross,DB,,Texas,2026-04-02T07:24:47.465Z,,season_totals,
,,SR,,ACC,2007,currentPlayer,2006,,,,,13,0,28,1,https://www.sports-reference.com/cfb/players/aaron-rouse-1.html,0,Aaron Rouse,LB,,Virginia Tech,2026-04-02T07:24:52.628Z,,season_totals,
,,SR,,SEC,2007,currentPlayer,2006,,,,,13,0,59,4,https://www.sports-reference.com/cfb/players/jonathan-wade-1.html,0,Jonathan Wade,WR/DB,,Tennessee,2026-04-02T07:25:07.630Z,,season_totals,
,AA,SR,,MWC,2007,currentPlayer,2006,,,,,13,2,80,7,https://www.sports-reference.com/cfb/players/eric-weddle-1.html,0,Eric Weddle,DB,,Utah,2026-04-02T07:25:12.409Z,,season_totals,
,,SR,,MWC,2007,currentPlayer,2006,,,,,12,0,15,1,https://www.sports-reference.com/cfb/players/john-wendling-1.html,0,John Wendling,DB,,Wyoming,2026-04-02T07:25:17.590Z,,season_totals,
,,SR,,MWC,2007,currentPlayer,2006,,,,,13,0,45,4,https://www.sports-reference.com/cfb/players/marvin-white-1.html,0,Marvin White,DB,,Texas Christian,2026-04-02T07:25:22.756Z,,season_totals,
,,SR,,Big 12,2007,currentPlayer,2006,,,,,12,1,98,4,https://www.sports-reference.com/cfb/players/cj-wilson-2.html,0,C.J. Wilson,DB,,Baylor,2026-04-02T07:25:32.682Z,,season_totals,
,,SR,,ACC,2007,currentPlayer,2006,,,,,13,0,21,1,https://www.sports-reference.com/cfb/players/josh-wilson-1.html,0,Josh Wilson,DB,,Maryland,2026-04-02T07:25:37.500Z,,season_totals,
,,JR,,MWC,2007,currentPlayer,2006,,,,,9,0,32,1,https://www.sports-reference.com/cfb/players/eric-wright-1.html,0,Eric Wright,DB,,Nevada-Las Vegas,2026-04-02T07:25:42.822Z,,season_totals,
,,SR,,Big Ten,2008,currentPlayer,2007,,,,,12,0,0,0,https://www.sports-reference.com/cfb/players/dominique-barber-1.html,8,Dominique Barber,DB,,Minnesota,2026-04-02T07:25:47.465Z,,season_totals,
,,SR,,Pac-10,2008,currentPlayer,2007,,,,,11,0,0,1,https://www.sports-reference.com/cfb/players/josh-barrett-1.html,0,Josh Barrett,DB,,Arizona State,2026-04-02T07:25:52.417Z,,season_totals,
,,SR,,Big East,2008,currentPlayer,2007,,,,,13,0,0,0,https://www.sports-reference.com/cfb/players/tyvon-branch-1.html,0,Tyvon Branch,DB,,Connecticut,2026-04-02T07:26:07.526Z,,season_totals,
,,SR,,Ind,2008,currentPlayer,2007,,,,,12,0,0,0,https://www.sports-reference.com/cfb/players/caleb-campbell-1.html,2,Caleb Campbell,DB,,Army,2026-04-02T07:26:12.412Z,,season_totals,
,AA,SR,,Pac-10,2008,currentPlayer,2007,,,,,12,2,164,5,https://www.sports-reference.com/cfb/players/antoine-cason-1.html,0,Antoine Cason,DB,,Arizona,2026-04-02T07:26:17.564Z,,season_totals,
,,SR,,Pac-10,2008,currentPlayer,2007,,,,,13,0,0,1,https://www.sports-reference.com/cfb/players/thomas-decoud-1.html,0,Thomas Decoud,DB,,California,2026-04-02T07:26:22.392Z,,season_totals,
,,SR,,CUSA,2008,currentPlayer,2007,,,,,12,2,220,5,https://www.sports-reference.com/cfb/players/quintin-demps-1.html,0,Quintin Demps,DB,,UTEP,2026-04-02T07:26:27.527Z,,season_totals,
,,JR,,ACC,2008,currentPlayer,2007,,,,,14,1,93,5,https://www.sports-reference.com/cfb/players/brandon-flowers-1.html,0,Brandon Flowers,DB,,Virginia Tech,2026-04-02T07:26:32.645Z,,season_totals,
,,SR,,Big Ten,2008,currentPlayer,2007,,,,,12,0,33,5,https://www.sports-reference.com/cfb/players/charles-godfrey-1.html,0,Charles Godfrey,DB,,Iowa,2026-04-02T07:26:37.526Z,,season_totals,
,,SR,,Pac-10,2008,currentPlayer,2007,,,,,13,0,0,0,https://www.sports-reference.com/cfb/players/chris-horton-1.html,4,Chris Horton,DB,,UCLA,2026-04-02T07:26:42.444Z,,season_totals,
,,SR,,SEC,2008,currentPlayer,2007,,,,,14,0,52,5,https://www.sports-reference.com/cfb/players/chevis-jackson-1.html,0,Chevis Jackson,DB,,LSU,2026-04-02T07:26:47.531Z,,season_totals,
,,SR,,Big East,2008,currentPlayer,2007,,,,,13,0,41,3,https://www.sports-reference.com/cfb/players/mike-jenkins-1.html,0,Mike Jenkins,DB,,South Florida,2026-04-02T07:26:52.534Z,,season_totals,
,,SR,,Sun Belt,2008,currentPlayer,2007,,,,,12,1,142,6,https://www.sports-reference.com/cfb/players/tyrell-johnson-1.html,0,Tyrell Johnson,DB,,Arkansas State,2026-04-02T07:26:57.605Z,,season_totals,
,,JR,,Big Ten,2008,currentPlayer,2007,,,,,13,0,6,2,https://www.sports-reference.com/cfb/players/justin-king-1.html,0,Justin King,DB,,Penn State,2026-04-02T07:27:02.727Z,,season_totals,
,,SR,,WAC,2008,currentPlayer,2007,,,,,12,1,36,4,https://www.sports-reference.com/cfb/players/dwight-lowery-1.html,0,Dwight Lowery,DB,,San Jose State,2026-04-02T07:27:17.647Z,,season_totals,
,,SR,,Sun Belt,2008,currentPlayer,2007,,,,,12,0,-9,2,https://www.sports-reference.com/cfb/players/leodis-mckelvin-1.html,0,Leodis McKelvin,DB,,Troy,2026-04-02T07:27:22.960Z,,season_totals,
,,JR,,ACC,2008,currentPlayer,2007,,,,,12,0,0,3,https://www.sports-reference.com/cfb/players/dajuan-morgan-1.html,0,Dajuan Morgan,WR/DB,,North Carolina State,2026-04-02T07:27:37.561Z,,season_totals,
,,JR,,ACC,2008,currentPlayer,2007,,,,,12,0,5,2,https://www.sports-reference.com/cfb/players/kenny-phillips-1.html,0,Kenny Phillips,DB,,Miami (FL),2026-04-02T07:27:42.578Z,,season_totals,
,,SR,,Big Ten,2008,currentPlayer,2007,,,,,13,0,137,6,https://www.sports-reference.com/cfb/players/tracy-porter-1.html,0,Tracy Porter,DB,,Indiana,2026-04-02T07:27:47.494Z,,season_totals,
,,JR,,WAC,2008,currentPlayer,2007,,,,,13,0,42,2,https://www.sports-reference.com/cfb/players/orlando-scandrick-1.html,0,Orlando Scandrick,DB,,Boise State,2026-04-02T07:28:02.050Z,,season_totals,
,,JR,,Big 12,2008,currentPlayer,2007,,,,,13,0,48,3,https://www.sports-reference.com/cfb/players/reggie-smith-1.html,0,Reggie Smith,DB,,Oklahoma,2026-04-02T07:28:07.035Z,,season_totals,
,AA,SR,,SEC,2008,currentPlayer,2007,,,,,14,0,153,6,https://www.sports-reference.com/cfb/players/craig-steltz-1.html,0,Craig Steltz,DB,,LSU,2026-04-02T07:28:12.004Z,,season_totals,
,AA,JR,,Big 12,2008,currentPlayer,2007,,,,,13,2,195,5,https://www.sports-reference.com/cfb/players/aqib-talib-1.html,0,Aqib Talib,DB,,Kansas,2026-04-02T07:28:17.021Z,,season_totals,
,,SR,,Pac-10,2008,currentPlayer,2007,,,,,13,0,44,4,https://www.sports-reference.com/cfb/players/terrell-thomas-1.html,0,Terrell Thomas,DB,,USC,2026-04-02T07:28:21.956Z,,season_totals,
,,SR,,Pac-10,2008,currentPlayer,2007,,,,,13,1,122,3,https://www.sports-reference.com/cfb/players/justin-tryon-1.html,0,Justin Tryon,DB,,Arizona State,2026-04-02T07:28:27.108Z,,season_totals,
,,SR,,Big 12,2008,currentPlayer,2007,,,,,11,1,65,5,https://www.sports-reference.com/cfb/players/terrence-wheatley-1.html,0,Terrence Wheatley,DB,,Colorado,2026-04-02T07:28:32.062Z,,season_totals,
,,SR,,SEC,2008,currentPlayer,2007,,,,,12,0,0,2,https://www.sports-reference.com/cfb/players/jonathan-wilhite-1.html,0,Jonathan Wilhite,DB,,Auburn,2026-04-02T07:28:37.048Z,,season_totals,
,,SR,,Big East,2008,currentPlayer,2007,,,,,13,3,164,6,https://www.sports-reference.com/cfb/players/trae-williams-1.html,0,Trae Williams,DB,,South Florida,2026-04-02T07:28:41.990Z,,season_totals,
,,SR,,Ind,2008,currentPlayer,2007,,,,,12,0,41,2,https://www.sports-reference.com/cfb/players/tom-zbikowski-1.html,0,Tom Zbikowski,DB,,Notre Dame,2026-04-02T07:28:46.978Z,,season_totals,
,,JR,,SEC,2009,currentPlayer,2008,,,,,13,0,0,0,https://www.sports-reference.com/cfb/players/asher-allen-1.html,0,Asher Allen,DB,,Georgia,2026-04-02T07:28:52.011Z,,season_totals,
,,SR,,ACC,2009,currentPlayer,2008,,,,,7,0,27,2,https://www.sports-reference.com/cfb/players/kevin-barnes-1.html,0,Kevin Barnes,DB,,Maryland,2026-04-02T07:28:57.016Z,,season_totals,
,,SR,,Ind,2009,currentPlayer,2008,,,,,13,0,57,4,https://www.sports-reference.com/cfb/players/david-bruton-1.html,0,David Bruton,DB,,Notre Dame,2026-04-02T07:29:01.996Z,,season_totals,
,,SR,,CUSA,2009,currentPlayer,2008,,,,,12,0,103,4,https://www.sports-reference.com/cfb/players/joe-burnett-1.html,0,Joe Burnett,DB,,UCF,2026-04-02T07:29:07.000Z,,season_totals,
,,SR,,Big East,2009,currentPlayer,2008,,,,,10,0,0,0,https://www.sports-reference.com/cfb/players/darius-butler-1.html,0,Darius Butler,DB/WR,,Connecticut,2026-04-02T07:29:12.072Z,,season_totals,
,,JR,,Pac-10,2009,currentPlayer,2008,,,,,13,0,52,5,https://www.sports-reference.com/cfb/players/jairus-byrd-1.html,0,Jairus Byrd,DB,,Oregon,2026-04-02T07:29:17.055Z,,season_totals,
,,SR,,Pac-10,2009,currentPlayer,2008,,,,,13,1,31,1,https://www.sports-reference.com/cfb/players/patrick-chung-1.html,0,Patrick Chung,DB,,Oregon,2026-04-02T07:29:22.010Z,,season_totals,
,,SR,,ACC,2009,currentPlayer,2008,,,,,13,1,43,2,https://www.sports-reference.com/cfb/players/chris-clemons-1.html,0,Chris Clemons,DB,,Clemson,2026-04-02T07:29:27.059Z,,season_totals,
,,JR,,Big Ten,2009,currentPlayer,2008,,,,,12,0,12,2,https://www.sports-reference.com/cfb/players/vontae-davis-1.html,0,Vontae Davis,DB,,Illinois,2026-04-02T07:29:31.996Z,,season_totals,
,,SR,,MAC,2009,currentPlayer,2008,,,,,13,1,98,4,https://www.sports-reference.com/cfb/players/louis-delmas-1.html,0,Louis Delmas,DB,,Western Michigan,2026-04-02T07:29:37.266Z,,season_totals,
,,SR,,Big Ten,2009,currentPlayer,2008,,,,,13,0,5,3,https://www.sports-reference.com/cfb/players/bradley-fletcher-1.html,0,Bradley Fletcher,DB,,Iowa,2026-04-02T07:29:42.036Z,,season_totals,
,,SR,,WAC,2009,currentPlayer,2008,,,,,12,0,17,3,https://www.sports-reference.com/cfb/players/coye-francies-1.html,6,Coye Francies,DB,,San Jose State,2026-04-02T07:29:47.160Z,,season_totals,
,,SR,,Big East,2009,currentPlayer,2008,,,,,13,0,14,2,https://www.sports-reference.com/cfb/players/courtney-greene-1.html,0,Courtney Greene,DB,,Rutgers,2026-04-02T07:29:52.029Z,,season_totals,
,,SR,,Pac-10,2009,currentPlayer,2008,,,,,13,0,0,3,https://www.sports-reference.com/cfb/players/cary-harris-1.html,0,Cary Harris,DB,,USC,2026-04-02T07:29:57.033Z,,season_totals,
,,SR,,Pac-10,2009,currentPlayer,2008,,,,,11,0,0,1,https://www.sports-reference.com/cfb/players/brandon-hughes-1.html,0,Brandon Hughes,DB,,Oregon State,2026-04-02T07:30:09.737Z,,season_totals,
,AA,SR,,Big Ten,2009,currentPlayer,2008,,,,,13,0,7,3,https://www.sports-reference.com/cfb/players/malcolm-jenkins-1.html,0,Malcolm Jenkins,DB,,Ohio State,2026-04-02T07:30:14.792Z,,season_totals,
,,JR,,SEC,2009,currentPlayer,2008,,,,,14,2,125,5,https://www.sports-reference.com/cfb/players/rashad-johnson-1.html,0,Rashad Johnson,DB,,Alabama,2026-04-02T07:30:19.873Z,,season_totals,
,,SR,,Pac-10,2009,currentPlayer,2008,,,,,13,1,29,4,https://www.sports-reference.com/cfb/players/keenan-lewis-1.html,0,Keenan Lewis,DB,,Oregon State,2026-04-02T07:30:24.852Z,,season_totals,
,,SR,,Sun Belt,2009,currentPlayer,2008,,,,,13,0,44,4,https://www.sports-reference.com/cfb/players/sherrod-martin-1.html,0,Sherrod Martin,DB,,Troy,2026-04-02T07:30:29.798Z,,season_totals,
,,SR,,Big 12,2009,currentPlayer,2008,,,,,13,2,97,7,https://www.sports-reference.com/cfb/players/darcel-mcbath-1.html,0,Darcel McBath,DB,,Texas Tech,2026-04-02T07:30:34.780Z,,season_totals,
,,JR,,SEC,2009,currentPlayer,2008,,,,,13,0,56,6,https://www.sports-reference.com/cfb/players/dj-moore-1.html,0,D.J. Moore,DB,,Vanderbilt,2026-04-02T07:30:39.931Z,,season_totals,
,,SR,,Big 12,2009,currentPlayer,2008,,,,,12,1,17,1,https://www.sports-reference.com/cfb/players/william-moore-1.html,0,William Moore,DB,,Missouri,2026-04-02T07:30:44.812Z,,season_totals,
,,JR,,SEC,2009,currentPlayer,2008,,,,,13,0,0,0,https://www.sports-reference.com/cfb/players/captain-munnerlyn-1.html,0,Captain Munnerlyn,DB,,South Carolina,2026-04-02T07:30:49.802Z,,season_totals,
,,SR,,Pac-10,2009,currentPlayer,2008,,,,,12,2,167,4,https://www.sports-reference.com/cfb/players/troy-nolan-1.html,0,Troy Nolan,DB,,Arizona State,2026-04-02T07:30:54.803Z,,season_totals,
,,JR,,SEC,2009,currentPlayer,2008,,,,,10,0,0,2,https://www.sports-reference.com/cfb/players/jerraud-powers-1.html,0,Jerraud Powers,DB,,Auburn,2026-04-02T07:31:25.654Z,,season_totals,
,,SR,,MWC,2009,currentPlayer,2008,,,,,12,0,95,5,https://www.sports-reference.com/cfb/players/glover-quin-1.html,0,Glover Quin,DB,,New Mexico,2026-04-02T07:31:30.649Z,,season_totals,
,,SR,,SEC,2009,currentPlayer,2008,,,,,13,0,0,0,https://www.sports-reference.com/cfb/players/jamarca-sanford-1.html,0,Jamarca Sanford,DB,,Ole Miss,2026-04-02T07:31:35.676Z,,season_totals,
,AA,SR,,ACC,2009,currentPlayer,2008,,,,,13,0,33,7,https://www.sports-reference.com/cfb/players/alphonso-smith-1.html,0,Alphonso Smith,DB,,Wake Forest,2026-04-02T07:31:40.676Z,,season_totals,
,,SR,,Big East,2009,currentPlayer,2008,,,,,13,0,2,2,https://www.sports-reference.com/cfb/players/deangelo-smith-1.html,0,Deangelo Smith,DB,,Cincinnati,2026-04-02T07:31:45.752Z,,season_totals,
,,JR,,MWC,2009,currentPlayer,2008,,,,,13,1,151,5,https://www.sports-reference.com/cfb/players/sean-smith-2.html,0,Sean Smith,WR/DB,,Utah,2026-04-02T07:31:58.860Z,,season_totals,
,,SR,,SEC,2009,currentPlayer,2008,,,,,13,0,37,2,https://www.sports-reference.com/cfb/players/curtis-taylor-1.html,0,Curtis Taylor,DB,,LSU,2026-04-02T07:32:03.781Z,,season_totals,
,,SR,,Big Ten,2009,currentPlayer,2008,,,,,12,0,0,3,https://www.sports-reference.com/cfb/players/morgan-trent-1.html,0,Morgan Trent,DB,,Michigan,2026-04-02T07:32:08.809Z,,season_totals,
,,SR,,Big East,2009,currentPlayer,2008,,,,,14,1,60,4,https://www.sports-reference.com/cfb/players/brandon-underwood-1.html,0,Brandon Underwood,DB,,Cincinnati,2026-04-02T07:32:13.831Z,,season_totals,
,,SR,,ACC,2009,currentPlayer,2008,,,,,13,0,37,2,https://www.sports-reference.com/cfb/players/chip-vaughn-1.html,0,Chip Vaughn,DB,,Wake Forest,2026-04-02T07:32:18.847Z,,season_totals,
,,JR,,Big Ten,2009,currentPlayer,2008,,,,,11,0,34,1,https://www.sports-reference.com/cfb/players/donald-washington-1.html,0,Donald Washington,DB,,Ohio State,2026-04-02T07:32:23.839Z,,season_totals,
,,SR,,Big East,2010,currentPlayer,2009,,,,,13,0,55,4,https://www.sports-reference.com/cfb/players/nate-allen-1.html,0,Nate Allen,DB,,South Florida,2026-04-02T07:32:36.570Z,,season_totals,
,AA,SR,,SEC,2010,currentPlayer,2009,,,,,13,0,25,5,https://www.sports-reference.com/cfb/players/javier-arenas-1.html,0,Javier Arenas,DB,,Alabama,2026-04-02T07:32:41.749Z,,season_totals,
,,SR,,Big 12,2010,currentPlayer,2009,,,,,14,1,74,2,https://www.sports-reference.com/cfb/players/larry-asante-1.html,0,Larry Asante,DB,,Nebraska,2026-04-02T07:32:46.616Z,,season_totals,
,AA,JR,,SEC,2010,currentPlayer,2009,,,,,13,0,7,2,https://www.sports-reference.com/cfb/players/eric-berry-1.html,0,Eric Berry,DB,,Tennessee,2026-04-02T07:32:51.638Z,,season_totals,
,,JR,,ACC,2010,currentPlayer,2009,,,,,14,0,40,4,https://www.sports-reference.com/cfb/players/morgan-burnett-1.html,0,Morgan Burnett,DB,,Georgia Tech,2026-04-02T07:32:56.746Z,,season_totals,
,,SR,,ACC,2010,currentPlayer,2009,,,,,14,0,47,1,https://www.sports-reference.com/cfb/players/crezdon-butler-1.html,0,Crezdon Butler,DB,,Clemson,2026-04-02T07:33:02.031Z,,season_totals,
,,SR,,ACC,2010,currentPlayer,2009,,,,,2,0,0,0,https://www.sports-reference.com/cfb/players/nolan-carroll-1.html,1,Nolan Carroll,WR/DB,,Maryland,2026-04-02T07:33:06.595Z,,season_totals,
,,SR,,ACC,2010,currentPlayer,2009,,,,,13,0,-3,2,https://www.sports-reference.com/cfb/players/kam-chancellor-1.html,0,Kam Chancellor,DB,,Virginia Tech,2026-04-02T07:33:11.638Z,,season_totals,
,,SR,,Big Ten,2010,currentPlayer,2009,,,,,12,1,129,5,https://www.sports-reference.com/cfb/players/kurt-coleman-1.html,0,Kurt Coleman,DB,,Ohio State,2026-04-02T07:33:16.675Z,,season_totals,
,,SR,,ACC,2010,currentPlayer,2009,,,,,12,1,66,4,https://www.sports-reference.com/cfb/players/chris-cook-2.html,0,Chris Cook,DL/DB,,Virginia,2026-04-02T07:33:26.874Z,,season_totals,
,,SR,,Big 12,2010,currentPlayer,2009,,,,,11,0,12,4,https://www.sports-reference.com/cfb/players/perrish-cox-1.html,0,Perrish Cox,DB,,Oklahoma State,2026-04-02T07:33:31.714Z,,season_totals,
,,JR,,Big 12,2010,currentPlayer,2009,,,,,13,1,97,2,https://www.sports-reference.com/cfb/players/dominique-franks-1.html,0,Dominique Franks,DB,,Oklahoma,2026-04-02T07:33:36.726Z,,season_totals,
,,SR,,ACC,2010,currentPlayer,2009,,,,,12,0,0,0,https://www.sports-reference.com/cfb/players/brandon-ghee-1.html,8,Brandon Ghee,DB,,Wake Forest,2026-04-02T07:33:41.759Z,,season_totals,
,,SR,,ACC,2010,currentPlayer,2009,,,,,13,0,0,0,https://www.sports-reference.com/cfb/players/cody-grimm-1.html,5,Cody Grimm,LB,,Virginia Tech,2026-04-02T07:33:46.623Z,,season_totals,
,AA,JR,,SEC,2010,currentPlayer,2009,,,,,14,0,20,4,https://www.sports-reference.com/cfb/players/joe-haden-1.html,0,Joe Haden,DB,,Florida,2026-04-02T07:33:51.679Z,,season_totals,
,,JR,,SEC,2010,currentPlayer,2009,,,,,14,0,79,1,https://www.sports-reference.com/cfb/players/kareem-jackson-1.html,0,Kareem Jackson,DB,,Alabama,2026-04-02T07:33:56.771Z,,season_totals,
,,JR,,SEC,2010,currentPlayer,2009,,,,,13,0,89,4,https://www.sports-reference.com/cfb/players/reshad-jones-1.html,0,Reshad Jones,DB,,Georgia,2026-04-02T07:34:01.837Z,,season_totals,
,,SR,,SEC,2010,currentPlayer,2009,,,,,13,0,6,2,https://www.sports-reference.com/cfb/players/kendrick-lewis-1.html,0,Kendrick Lewis,WR/DB,,Ole Miss,2026-04-02T07:34:06.714Z,,season_totals,
,,SR,,SEC,2010,currentPlayer,2009,,,,,11,0,50,4,https://www.sports-reference.com/cfb/players/myron-lewis-1.html,0,Myron Lewis,DB,,Vanderbilt,2026-04-02T07:34:11.687Z,,season_totals,
,,SR,,SEC,2010,currentPlayer,2009,,,,,9,1,25,1,https://www.sports-reference.com/cfb/players/trevard-lindley-1.html,0,Trevard Lindley,DB,,Kentucky,2026-04-02T07:34:16.787Z,,season_totals,
,,SR,,Pac-10,2010,currentPlayer,2009,,,,,12,0,0,1,https://www.sports-reference.com/cfb/players/taylor-mays-1.html,0,Taylor Mays,DB,,USC,2026-04-02T07:34:21.713Z,,season_totals,
,,SR,,Big East,2010,currentPlayer,2009,,,,,13,0,0,1,https://www.sports-reference.com/cfb/players/devin-mccourty-1.html,0,Devin McCourty,DB,,Rutgers,2026-04-02T07:34:26.741Z,,season_totals,
,,SR,,Big Ten,2010,currentPlayer,2009,,,,,10,0,0,5,https://www.sports-reference.com/cfb/players/sherrick-mcmanis-1.html,0,Sherrick McManis,DB,,Northwestern,2026-04-02T07:34:31.891Z,,season_totals,
,,JR,,Big 12,2010,currentPlayer,2009,,,,,12,0,22,2,https://www.sports-reference.com/cfb/players/joshua-moore-1.html,0,Joshua Moore,DB,,Kansas State,2026-04-02T07:34:36.919Z,,season_totals,
,,SR,,Big East,2010,currentPlayer,2009,,,,,13,0,59,4,https://www.sports-reference.com/cfb/players/jerome-murphy-1.html,0,Jerome Murphy,DB,,South Florida,2026-04-02T07:34:41.789Z,,season_totals,
,,SR,,ACC,2010,currentPlayer,2009,,,,,12,0,0,0,https://www.sports-reference.com/cfb/players/patrick-robinson-1.html,0,Patrick Robinson,DB,,Florida State,2026-04-02T07:34:54.768Z,,season_totals,
,,JR,,Big Ten,2010,currentPlayer,2009,,,,,13,0,0,2,https://www.sports-reference.com/cfb/players/amari-spievey-1.html,0,Amari Spievey,DB,,Iowa,2026-04-02T07:34:59.769Z,,season_totals,
,,SR,,Big 12,2010,currentPlayer,2009,,,,,12,0,0,1,https://www.sports-reference.com/cfb/players/darrell-stuckey-1.html,0,Darrell Stuckey,DB,,Kansas,2026-04-02T07:35:04.785Z,,season_totals,
,AA,SO,,Big 12,2010,currentPlayer,2009,,,,,14,2,149,8,https://www.sports-reference.com/cfb/players/earl-thomas-1.html,0,Earl Thomas,DB,,Texas,2026-04-02T07:35:09.769Z,,season_totals,
,,SR,,Pac-10,2010,currentPlayer,2009,,,,,13,0,0,0,https://www.sports-reference.com/cfb/players/kevin-thomas-3.html,11,Kevin Thomas,DB,,USC,2026-04-02T07:35:24.891Z,,season_totals,
,,SR,,Pac-10,2010,currentPlayer,2009,,,,,13,0,38,1,https://www.sports-reference.com/cfb/players/sydquan-thompson-1.html,0,Syd'Quan Thompson,DB,,California,2026-04-02T07:35:29.781Z,,season_totals,
,,SR,,Pac-10,2010,currentPlayer,2009,,,,,13,1,158,5,https://www.sports-reference.com/cfb/players/alterraun-verner-1.html,0,Alterraun Verner,DB,,UCLA,2026-04-02T07:35:42.776Z,,season_totals,
,,SR,,Big 12,2010,currentPlayer,2009,,,,,13,0,15,2,https://www.sports-reference.com/cfb/players/jamar-wall-1.html,0,Jamar Wall,DB,,Texas Tech,2026-04-02T07:35:48.007Z,,season_totals,
,,SR,,Pac-10,2010,currentPlayer,2009,,,,,9,0,7,1,https://www.sports-reference.com/cfb/players/tj-ward-1.html,0,T.J. Ward,DB,,Oregon,2026-04-02T07:35:52.847Z,,season_totals,
,,SR,,WAC,2010,currentPlayer,2009,,,,,14,2,98,3,https://www.sports-reference.com/cfb/players/kyle-wilson-1.html,0,Kyle Wilson,DB,,Boise State,2026-04-02T07:35:57.862Z,,season_totals,
,,JR,,SEC,2010,currentPlayer,2009,,,,,14,0,34,3,https://www.sports-reference.com/cfb/players/major-wright-1.html,0,Major Wright,DB,,Florida,2026-04-02T07:36:02.874Z,,season_totals,
,AA,SR,,Big 12,2011,currentPlayer,2010,,,,,14,0,0,0,https://www.sports-reference.com/cfb/players/prince-amukamara-1.html,13,Prince Amukamara,DB,,Nebraska,2026-04-02T07:36:15.773Z,,season_totals,
,,SR,,SEC,2011,currentPlayer,2010,,,,,13,1,171,5,https://www.sports-reference.com/cfb/players/ahmad-black-1.html,0,Ahmad Black,DB,,Florida,2026-04-02T07:36:20.700Z,,season_totals,
,,SR,,Big 12,2011,currentPlayer,2010,,,,,9,0,0,0,https://www.sports-reference.com/cfb/players/chykie-brown-1.html,6,Chykie Brown,DB,,Texas,2026-04-02T07:36:25.725Z,,season_totals,
,,JR,,MAC,2011,currentPlayer,2010,,,,,4,0,0,0,https://www.sports-reference.com/cfb/players/curtis-brown-1.html,0,Curtis Brown,WR,,Akron,2026-04-02T07:36:30.654Z,,season_totals,
,,SR,,Big 12,2011,currentPlayer,2010,,,,,12,0,0,3,https://www.sports-reference.com/cfb/players/jalil-brown-1.html,0,Jalil Brown,DB,,Colorado,2026-04-02T07:36:35.862Z,,season_totals,
,,JR,,MWC,2011,currentPlayer,2010,,,,,13,0,69,2,https://www.sports-reference.com/cfb/players/brandon-burton-1.html,0,Brandon Burton,DB,,Utah,2026-04-02T07:36:40.844Z,,season_totals,
,AA,SR,,Big 12,2011,currentPlayer,2010,,,,,14,0,38,4,https://www.sports-reference.com/cfb/players/quinton-carter-1.html,0,Quinton Carter,DB,,Oklahoma,2026-04-02T07:36:53.411Z,,season_totals,
,,SR,,Big Ten,2011,currentPlayer,2010,,,,,13,0,22,3,https://www.sports-reference.com/cfb/players/chimdi-chekwa-1.html,0,Chimdi Chekwa,DB,,Ohio State,2026-04-02T07:36:58.552Z,,season_totals,
,,SR,,Pac-10,2011,currentPlayer,2010,,,,,12,0,0,1,https://www.sports-reference.com/cfb/players/chris-conte-1.html,0,Chris Conte,DB,,California,2026-04-02T07:37:03.483Z,,season_totals,
,,SR,,SEC,2011,currentPlayer,2010,,,,,7,0,0,0,https://www.sports-reference.com/cfb/players/chris-culliver-1.html,0,Chris Culliver,WR/DB,,South Carolina,2026-04-02T07:37:08.449Z,,season_totals,
,,SR,,ACC,2011,currentPlayer,2010,,,,,5,0,0,0,https://www.sports-reference.com/cfb/players/ras-i-dowling-1.html,1,Ras-I Dowling,DB,,Virginia,2026-04-02T07:37:13.493Z,,season_totals,
,,SR,,ACC,2011,currentPlayer,2010,,,,,13,0,74,2,https://www.sports-reference.com/cfb/players/demarcus-van-dyke-1.html,0,Demarcus Van Dyke,DB,,Miami (FL),2026-04-02T07:37:18.602Z,,season_totals,
,,SR,,ACC,2011,currentPlayer,2010,,,,,13,0,0,1,https://www.sports-reference.com/cfb/players/marcus-gilchrist-1.html,0,Marcus Gilchrist,DB,,Clemson,2026-04-02T07:37:23.583Z,,season_totals,
,,SR,,Big 12,2011,currentPlayer,2010,,,,,14,1,67,3,https://www.sports-reference.com/cfb/players/dejon-gomes-1.html,0,Dejon Gomes,DB,,Nebraska,2026-04-02T07:37:28.573Z,,season_totals,
,,SR,,Big 12,2011,currentPlayer,2010,,,,,14,0,37,5,https://www.sports-reference.com/cfb/players/eric-hagg-1.html,0,Eric Hagg,DB,,Nebraska,2026-04-02T07:37:33.454Z,,season_totals,
,,JR,,ACC,2011,currentPlayer,2010,,,,,13,0,0,1,https://www.sports-reference.com/cfb/players/brandon-harris-1.html,0,Brandon Harris,DB,,Miami (FL),2026-04-02T07:37:38.497Z,,season_totals,
,,SR,,Big Ten,2011,currentPlayer,2010,,,,,13,0,23,1,https://www.sports-reference.com/cfb/players/jermale-hines-1.html,0,Jermale Hines,LB,,Ohio State,2026-04-02T07:37:43.516Z,,season_totals,
,,SR,,Big East,2011,currentPlayer,2010,,,,,11,0,78,3,https://www.sports-reference.com/cfb/players/brandon-hogan-1.html,0,Brandon Hogan,WR/DB,,West Virginia,2026-04-02T07:37:48.529Z,,season_totals,
,,SR,,WAC,2011,currentPlayer,2010,,,,,12,1,48,2,https://www.sports-reference.com/cfb/players/davon-house-1.html,0,Davon House,DB,,New Mexico State,2026-04-02T07:37:53.538Z,,season_totals,
,,SR,,MAC,2011,currentPlayer,2010,,,,,12,0,30,2,https://www.sports-reference.com/cfb/players/jaiquawn-jarrett-1.html,0,Jaiquawn Jarrett,DB,,Temple,2026-04-02T07:37:58.641Z,,season_totals,
,,SR,,WAC,2011,currentPlayer,2010,,,,,13,0,62,3,https://www.sports-reference.com/cfb/players/shiloh-keo-1.html,0,Shiloh Keo,DB,,Idaho,2026-04-02T07:38:03.478Z,,season_totals,
,,SR,,WAC,2011,currentPlayer,2010,,,,,12,0,0,2,https://www.sports-reference.com/cfb/players/curtis-marsh-1.html,0,Curtis Marsh,RB/DB,,Utah State,2026-04-02T07:38:08.552Z,,season_totals,
,,SR,,ACC,2011,currentPlayer,2010,,,,,13,0,0,2,https://www.sports-reference.com/cfb/players/byron-maxwell-1.html,0,Byron Maxwell,DB,,Clemson,2026-04-02T07:38:13.503Z,,season_totals,
,,JR,,Pac-10,2011,currentPlayer,2010,,,,,12,0,42,1,https://www.sports-reference.com/cfb/players/rahim-moore-1.html,0,Rahim Moore,DB,,UCLA,2026-04-02T07:38:18.546Z,,season_totals,
,,SR,,Big East,2011,currentPlayer,2010,,,,,13,1,99,5,https://www.sports-reference.com/cfb/players/johnny-patrick-1.html,0,Johnny Patrick,WR/DB,,Louisville,2026-04-02T07:38:23.513Z,,season_totals,
,"Bednarik,AA",JR,,SEC,2011,currentPlayer,2010,,,,,13,0,134,4,https://www.sports-reference.com/cfb/players/patrick-peterson-1.html,0,Patrick Peterson,DB,,LSU,2026-04-02T07:38:28.547Z,,season_totals,
,,JR,,Big Ten,2011,currentPlayer,2010,,,,,13,0,42,2,https://www.sports-reference.com/cfb/players/tyler-sash-1.html,0,Tyler Sash,DB,,Iowa,2026-04-02T07:39:11.975Z,,season_totals,
,,SR,,ACC,2011,currentPlayer,2010,,,,,10,1,53,4,https://www.sports-reference.com/cfb/players/danorris-searcy-1.html,0,Da'Norris Searcy,DB,,North Carolina,2026-04-02T07:39:17.076Z,,season_totals,
,,SR,,Pac-10,2011,currentPlayer,2010,,,,,13,0,39,4,https://www.sports-reference.com/cfb/players/richard-sherman-1.html,0,Richard Sherman,WR/DB,,Stanford,2026-04-02T07:39:22.039Z,,season_totals,
,,SR,,Big 12,2011,currentPlayer,2010,,,,,12,0,0,0,https://www.sports-reference.com/cfb/players/jimmy-smith-1.html,5,Jimmy Smith,DB,,Colorado,2026-04-02T07:39:34.864Z,,season_totals,
,,SR,,MAC,2011,currentPlayer,2010,,,,,12,0,22,1,https://www.sports-reference.com/cfb/players/josh-thomas-3.html,0,Josh Thomas,DB,,Buffalo,2026-04-02T07:39:49.970Z,,season_totals,
,,SR,,WAC,2011,currentPlayer,2010,,,,,13,0,20,3,https://www.sports-reference.com/cfb/players/brandyn-thompson-1.html,0,Brandyn Thompson,DB,,Boise State,2026-04-02T07:39:54.910Z,,season_totals,
,,JR,,Big 12,2011,currentPlayer,2010,,,,,11,0,0,0,https://www.sports-reference.com/cfb/players/aaron-williams-2.html,0,Aaron Williams,DB,,Texas,2026-04-02T07:40:05.051Z,,season_totals,
,,SR,,Pac-10,2011,currentPlayer,2010,,,,,8,0,0,0,https://www.sports-reference.com/cfb/players/shareece-wright-1.html,6,Shareece Wright,DB,,USC,2026-04-02T07:40:09.949Z,,season_totals,
,,SR,,SEC,2012,currentPlayer,2011,,,,,12,1,44,3,https://www.sports-reference.com/cfb/players/antonio-allen-1.html,0,Antonio Allen,LB/DB,,South Carolina,2026-04-02T07:40:15.027Z,,season_totals,
,AA,SR,,SEC,2012,currentPlayer,2011,,,,,13,0,14,2,https://www.sports-reference.com/cfb/players/mark-barron-1.html,5,Mark Barron,DB,,Alabama,2026-04-02T07:40:19.931Z,,season_totals,
,,SR,,Ind,2012,currentPlayer,2011,,,,,13,0,82,2,https://www.sports-reference.com/cfb/players/robert-blanton-1.html,5,Robert Blanton,DB,,Notre Dame,2026-04-02T07:40:40.634Z,,season_totals,
,,SR,,SEC,2012,currentPlayer,2011,,,,,14,0,-1,3,https://www.sports-reference.com/cfb/players/brandon-boykin-1.html,0,Brandon Boykin,DB,,Georgia,2026-04-02T07:40:58.218Z,,season_totals,
,,SR,,SEC,2012,currentPlayer,2011,,,,,14,2,74,2,https://www.sports-reference.com/cfb/players/ron-brooks-1.html,6,Ron Brooks,DB,,LSU,2026-04-02T07:41:03.405Z,,season_totals,
,AA,JR,,SEC,2012,currentPlayer,2011,,,,,14,1,173,6,https://www.sports-reference.com/cfb/players/morris-claiborne-1.html,6,Morris Claiborne,DB,,LSU,2026-04-02T07:41:08.326Z,,season_totals,
,,SR,,Big Ten,2012,currentPlayer,2011,,,,,10,0,0,0,https://www.sports-reference.com/cfb/players/alfonzo-dennard-1.html,6,Alfonzo Dennard,DB,,Nebraska,2026-04-02T07:41:13.377Z,,season_totals,
,,SR,,Big 12,2012,currentPlayer,2011,,,,,11,0,23,2,https://www.sports-reference.com/cfb/players/jamell-fleming-1.html,0,Jamell Fleming,DB,,Oklahoma,2026-04-02T07:41:18.278Z,,season_totals,
,,SR,,Big 12,2012,currentPlayer,2011,,,,,13,0,57,1,https://www.sports-reference.com/cfb/players/terrence-frederick-1.html,0,Terrence Frederick,DB,,Texas A&M,2026-04-02T07:41:23.315Z,,season_totals,
,,JR,,SEC,2012,currentPlayer,2011,,,,,13,0,-10,4,https://www.sports-reference.com/cfb/players/stephon-gilmore-1.html,0,Stephon Gilmore,DB,,South Carolina,2026-04-02T07:41:28.419Z,,season_totals,
,,SR,,SEC,2012,currentPlayer,2011,,,,,12,0,0,2,https://www.sports-reference.com/cfb/players/winston-guy-1.html,2,Winston Guy,DB,,Kentucky,2026-04-02T07:41:33.283Z,,season_totals,
,,SR,,ACC,2012,currentPlayer,2011,,,,,13,0,89,1,https://www.sports-reference.com/cfb/players/mike-harris-1.html,0,Mike Harris,DB,,Florida State,2026-04-02T07:41:38.296Z,,season_totals,
,,SR,,SEC,2012,currentPlayer,2011,,,,,13,1,107,7,https://www.sports-reference.com/cfb/players/casey-hayward-1.html,0,Casey Hayward,DB,,Vanderbilt,2026-04-02T07:41:43.311Z,,season_totals,
,,JR,,ACC,2012,currentPlayer,2011,,,,,13,0,56,3,https://www.sports-reference.com/cfb/players/jayron-hosley-1.html,0,Jayron Hosley,DB,,Virginia Tech,2026-04-02T07:41:48.358Z,,season_totals,
,,SR,,MWC,2012,currentPlayer,2011,,,,,13,0,0,0,https://www.sports-reference.com/cfb/players/george-iloka-1.html,1,George Iloka,DB,,Boise State,2026-04-02T07:41:53.301Z,,season_totals,
,,JR,,SEC,2012,currentPlayer,2011,,,,,13,0,0,0,https://www.sports-reference.com/cfb/players/dre-kirkpatrick-1.html,9,Dre Kirkpatrick,DB,,Alabama,2026-04-02T07:42:26.712Z,,season_totals,
,,SR,,SEC,2012,currentPlayer,2011,,,,,13,0,0,0,https://www.sports-reference.com/cfb/players/charles-mitchell-1.html,3,Charles Mitchell,DB,,Mississippi State,2026-04-02T07:42:40.900Z,,season_totals,