player_expected,pos_expected,year,sportsref_predicted_url,player_clean,assisted_tackles,awards,class,combined_tackles,conference,expected_draft_year,final_season_year,forced_fumbles,fumble_recoveries,fumble_recovery_tds,fumble_recovery_yards,games,interception_tds,interception_yards,interceptions,page_url,passes_defended,player_scraped,pos_scraped,sacks,school,scraped_at,solo_tackles,source_type,tfl
Marcus Williams,S,2017,https://www.sports-reference.com/cfb/players/marcus-williams-1.html,marcus williams,0,,SR,0,CUSA,,2012,0,0,0,0,7,0,0,0,https://www.sports-reference.com/cfb/players/marcus-williams-1.html,0,Marcus Williams,WR,0.0,Houston,2026-04-01T19:27:09.766Z,0,season_totals,0.0
Josh Jackson,CB,2018,https://www.sports-reference.com/cfb/players/josh-jackson-1.html,josh jackson,7,,SR,24,Ind,,2012,0,0,0,0,9,0,0,0,https://www.sports-reference.com/cfb/players/josh-jackson-1.html,0,Josh Jackson,DB,0.0,Army,2026-04-01T19:29:38.179Z,17,season_totals,0.5
Marcus Allen,S,2018,https://www.sports-reference.com/cfb/players/marcus-allen-1.html,marcus allen,0,,SR,0,WAC,,2010,0,0,0,0,12,0,0,0,https://www.sports-reference.com/cfb/players/marcus-allen-1.html,0,Marcus Allen,WR,0.0,New Mexico State,2026-04-01T19:29:56.970Z,0,season_totals,0.0
Mike Hughes,CB,2018,https://www.sports-reference.com/cfb/players/mike-hughes-1.html,mike hughes,30,,SR,53,MWC,,2017,0,0,0,0,12,0,0,0,https://www.sports-reference.com/cfb/players/mike-hughes-3.html,0,Mike Hughes,DL,2.0,Nevada-Las Vegas,2026-04-01T19:58:58.935Z,23,season_totals,7.0
Troy Apke,S,2018,https://www.sports-reference.com/cfb/players/troy-apke-1.html,troy apke,17,,JR,28,Big Ten,,2016,0,1,0,0,10,0,10,1,https://www.sports-reference.com/cfb/players/troy-apke-1.html,0,Troy Apke,S,0.0,Penn State,2026-04-01T19:30:43.979Z,11,season_totals,0.0
David Long,CB,2019,https://www.sports-reference.com/cfb/players/david-long-1.html,david long,35,,JR,111,Big 12,,2018,1,1,0,0,12,0,0,0,https://www.sports-reference.com/cfb/players/david-long-2.html,4,David Long,LB,8.0,West Virginia,2026-04-01T20:00:09.816Z,76,season_totals,19.0
Donovan Wilson,S,2019,https://www.sports-reference.com/cfb/players/donovan-wilson-1.html,donovan wilson,0,,SR,0,MAC,,2017,0,0,0,0,12,0,0,0,https://www.sports-reference.com/cfb/players/donovan-wilson-1.html,0,Donovan Wilson,RB,0.0,Bowling Green,2026-04-01T19:31:32.228Z,0,season_totals,0.0
Isaiah Johnson,CB,2019,https://www.sports-reference.com/cfb/players/isaiah-johnson-1.html,isaiah johnson,21,,SR,72,ACC,,2014,2,2,0,7,13,0,19,1,https://www.sports-reference.com/cfb/players/isaiah-johnson-1.html,5,Isaiah Johnson,DB/S,0.0,Georgia Tech,2026-04-01T19:31:44.335Z,51,season_totals,3.0
Will Harris,S,2019,https://www.sports-reference.com/cfb/players/will-harris-1.html,will harris,32,,SR,69,Pac-10,,2009,1,0,0,0,13,1,62,4,https://www.sports-reference.com/cfb/players/will-harris-1.html,0,Will Harris,DB,0.0,USC,2026-04-01T20:10:56.463Z,37,season_totals,3.5
Brandon Jones,S,2020,https://www.sports-reference.com/cfb/players/brandon-jones-1.html,brandon jones,3,,FR,9,Pac-10,,2007,0,0,0,0,12,0,0,0,https://www.sports-reference.com/cfb/players/brandon-jones-1.html,0,Brandon Jones,DB,0.0,California,2026-04-01T19:35:09.943Z,6,season_totals,0.0
Daniel Thomas,S,2020,https://www.sports-reference.com/cfb/players/daniel-thomas-1.html,daniel thomas,0,,SR,1,Big 12,,2010,0,0,0,0,13,0,0,0,https://www.sports-reference.com/cfb/players/daniel-thomas-1.html,0,Daniel Thomas,RB,0.0,Kansas State,2026-04-01T19:35:46.348Z,1,season_totals,0.0
Ambry Thomas,DB,2021,https://www.sports-reference.com/cfb/players/ambry-thomas-1.html,ambry thomas,8,,JR,38,Big Ten,,2019,0,2,0,0,13,0,6,3,https://www.sports-reference.com/cfb/players/ambry-thomas-1.html,4,Ambry Thomas,DB,0.0,Michigan,2026-04-01T20:11:38.962Z,30,season_totals,3.0
Avery Williams,CB,2021,https://www.sports-reference.com/cfb/players/avery-williams-1.html,avery williams,19,,SR,45,CUSA,,2007,0,0,0,0,12,0,0,0,https://www.sports-reference.com/cfb/players/avery-williams-1.html,0,Avery Williams,DL,4.0,Tulane,2026-04-01T19:38:40.766Z,26,season_totals,11.0
Brady Breeze,S,2021,https://www.sports-reference.com/cfb/players/brady-breeze-1.html,brady breeze,19,,JR,62,Pac-12,,2019,1,4,2,45,14,1,32,2,https://www.sports-reference.com/cfb/players/brady-breeze-1.html,3,Brady Breeze,DB/S,0.0,Oregon,2026-04-01T20:11:55.109Z,43,season_totals,0.0
Jevon Holland,S,2021,https://www.sports-reference.com/cfb/players/jevon-holland-1.html,jevon holland,26,,SO,66,Pac-12,,2019,0,0,0,0,14,1,64,4,https://www.sports-reference.com/cfb/players/jevon-holland-1.html,4,Jevon Holland,S,0.0,Oregon,2026-04-01T20:12:06.481Z,40,season_totals,4.5
Kary Vincent Jr.,CB,2021,https://www.sports-reference.com/cfb/players/kary-vincent-jr-1.html,kary vincent jr.,11,,JR,47,SEC,,2019,0,0,0,0,15,0,45,4,https://www.sports-reference.com/cfb/players/kary-vincent-jr-1.html,9,Kary Vincent Jr.,CB,0.0,LSU,2026-04-01T20:12:38.018Z,36,season_totals,2.0
Paulson Adebo,CB,2021,https://www.sports-reference.com/cfb/players/paulson-adebo-1.html,paulson adebo,10,,JR,33,Pac-12,,2019,0,0,0,0,9,0,4,4,https://www.sports-reference.com/cfb/players/paulson-adebo-1.html,10,Paulson Adebo,CB,0.0,Stanford,2026-04-01T20:12:43.216Z,23,season_totals,0.0
Tre Brown,CB,2021,https://www.sports-reference.com/cfb/players/tre-brown-1.html,tre brown,4,,SR,5,SEC,,2018,0,0,0,0,13,0,0,0,https://www.sports-reference.com/cfb/players/tre-brown-1.html,0,Tre Brown,DL/DT,0.0,Mississippi State,2026-04-01T19:42:15.034Z,1,season_totals,0.0
Marcus Jones,CB,2022,https://www.sports-reference.com/cfb/players/marcus-jones-1.html,marcus jones,25,,SR,47,ACC,,2008,0,0,0,0,12,0,0,0,https://www.sports-reference.com/cfb/players/marcus-jones-1.html,3,Marcus Jones,QB/LB,1.0,Duke,2026-04-01T19:45:16.211Z,22,season_totals,2.0
Antonio Johnson,DB,2023,https://www.sports-reference.com/cfb/players/antonio-johnson-1.html,antonio johnson,26,,SR,70,Big 12,,2010,1,0,0,0,13,0,20,1,https://www.sports-reference.com/cfb/players/antonio-johnson-1.html,0,Antonio Johnson,LB,3.0,Baylor,2026-04-01T19:46:27.187Z,44,season_totals,5.0
Christian Gonzalez,CB,2023,https://www.sports-reference.com/cfb/players/christian-gonzalez-1.html,christian gonzalez,0,,SR,1,MAC,,2019,0,0,0,0,1,0,0,0,https://www.sports-reference.com/cfb/players/christian-gonzalez-1.html,0,Christian Gonzalez,DT,0.0,Buffalo,2026-04-01T19:47:03.028Z,1,season_totals,1.0
DJ Turner,CB,2023,https://www.sports-reference.com/cfb/players/dj-turner-1.html,dj turner,0,,SR,1,ACC,,2020,0,0,0,0,11,0,0,0,https://www.sports-reference.com/cfb/players/dj-turner-1.html,0,DJ Turner,WR,0.0,Pitt,2026-04-01T19:47:27.194Z,1,season_totals,0.0
Garrett Williams,CB,2023,https://www.sports-reference.com/cfb/players/garrett-williams-1.html,garrett williams,0,,JR,0,ACC,,2018,0,0,0,0,14,0,0,0,https://www.sports-reference.com/cfb/players/garrett-williams-1.html,0,Garrett Williams,TE,0.0,Clemson,2026-04-01T19:48:15.358Z,0,season_totals,0.0
Jaylon Jones,CB,2023,https://www.sports-reference.com/cfb/players/jaylon-jones-1.html,jaylon jones,9,,SR,26,SEC,,2021,0,0,0,0,11,0,0,1,https://www.sports-reference.com/cfb/players/jaylon-jones-1.html,3,Jaylon Jones,DB/LB,0.0,Ole Miss,2026-04-01T19:48:51.530Z,17,season_totals,1.0
Calen Bullock,SAF,2024,https://www.sports-reference.com/cfb/players/calen-bullock-1.html,calen bullock,21,,JR,63,Pac-12,,2023,0,0,0,0,12,1,41,2,https://www.sports-reference.com/cfb/players/calen-bullock-1.html,7,Calen Bullock,S/DB,0.0,USC,2026-04-01T20:14:21.230Z,42,season_totals,0.0
Cole Bishop,SAF,2024,https://www.sports-reference.com/cfb/players/cole-bishop-1.html,cole bishop,25,,JR,60,Pac-12,,2023,1,2,0,0,11,0,10,2,https://www.sports-reference.com/cfb/players/cole-bishop-1.html,4,Cole Bishop,S,3.0,Utah,2026-04-01T20:14:25.351Z,35,season_totals,6.5
Dadrion Taylor-Demerson,SAF,2024,https://www.sports-reference.com/cfb/players/dadrion-taylor-demerson-1.html,dadrion taylor-demerson,20,,SR,73,Big 12,,2023,0,0,0,0,13,0,23,4,https://www.sports-reference.com/cfb/players/dadrion-taylor-demerson-1.html,8,Dadrion Taylor-Demerson,DB,1.0,Texas Tech,2026-04-01T20:14:32.033Z,53,season_totals,1.5
Daijahn Anthony,SAF,2024,https://www.sports-reference.com/cfb/players/daijahn-anthony-1.html,daijahn anthony,33,,SR,61,SEC,,2023,1,0,0,0,13,0,19,3,https://www.sports-reference.com/cfb/players/daijahn-anthony-1.html,8,Daijahn Anthony,CB/S,0.0,Ole Miss,2026-04-01T19:50:45.779Z,28,season_totals,2.5
Elijah Jones,CB,2024,https://www.sports-reference.com/cfb/players/elijah-jones-1.html,elijah jones,15,,JR,31,MAC,,2012,2,0,0,0,13,0,16,1,https://www.sports-reference.com/cfb/players/elijah-jones-1.html,0,Elijah Jones,DL,1.5,Toledo,2026-04-01T19:51:03.867Z,16,season_totals,7.5
Evan Williams,SAF,2024,https://www.sports-reference.com/cfb/players/evan-williams-1.html,evan williams,5,,SR,10,Ind,,2007,0,0,0,0,8,0,0,0,https://www.sports-reference.com/cfb/players/evan-williams-1.html,0,Evan Williams,DL,1.0,Army,2026-04-01T19:51:16.350Z,5,season_totals,1.5
Jaden Hicks,SAF,2024,https://www.sports-reference.com/cfb/players/jaden-hicks-1.html,jaden hicks,30,,SO,79,Pac-12,,2023,1,0,0,0,12,1,37,2,https://www.sports-reference.com/cfb/players/jaden-hicks-1.html,4,Jaden Hicks,DB,2.5,Washington State,2026-04-01T19:51:21.965Z,49,season_totals,6.0
Javon Bullard,SAF,2024,https://www.sports-reference.com/cfb/players/javon-bullard-1.html,javon bullard,17,,JR,56,SEC,,2023,0,0,0,0,12,0,0,2,https://www.sports-reference.com/cfb/players/javon-bullard-1.html,5,Javon Bullard,DB,0.0,Georgia,2026-04-01T19:51:46.062Z,39,season_totals,1.0
Jaylin Simpson,SAF,2024,https://www.sports-reference.com/cfb/players/jaylin-simpson-1.html,jaylin simpson,8,,SR,36,SEC,,2023,0,1,0,13,13,1,87,4,https://www.sports-reference.com/cfb/players/jaylin-simpson-1.html,3,Jaylin Simpson,DB/CB,0.0,Auburn,2026-04-01T19:51:52.047Z,28,season_totals,1.5
Jaylon Carlies,SAF,2024,https://www.sports-reference.com/cfb/players/jaylon-carlies-1.html,jaylon carlies,26,,SR,64,SEC,,2023,1,1,0,0,12,0,0,2,https://www.sports-reference.com/cfb/players/jaylon-carlies-1.html,5,Jaylon Carlies,DB,2.0,Missouri,2026-04-01T19:51:57.972Z,38,season_totals,4.5
Kamren Kinchens,SAF,2024,https://www.sports-reference.com/cfb/players/kamren-kinchens-1.html,kamren kinchens,19,,JR,59,ACC,,2023,0,1,0,0,10,1,57,5,https://www.sports-reference.com/cfb/players/kamren-kinchens-1.html,5,Kamren Kinchens,S/DB,1.0,Miami (FL),2026-04-01T19:52:22.210Z,40,season_totals,2.5
Malik Mustapha,SAF,2024,https://www.sports-reference.com/cfb/players/malik-mustapha-1.html,malik mustapha,35,,JR,80,ACC,,2023,1,0,0,0,12,0,50,1,https://www.sports-reference.com/cfb/players/malik-mustapha-1.html,2,Malik Mustapha,DB,0.5,Wake Forest,2026-04-01T19:52:40.104Z,45,season_totals,5.0
Sione Vaki,SAF,2024,https://www.sports-reference.com/cfb/players/sione-vaki-1.html,sione vaki,14,,SO,51,Pac-12,,2023,0,0,0,0,12,0,2,1,https://www.sports-reference.com/cfb/players/sione-vaki-1.html,2,Sione Vaki,S,2.0,Utah,2026-04-01T19:53:28.237Z,37,season_totals,8.5
Tykee Smith,SAF,2024,https://www.sports-reference.com/cfb/players/tykee-smith-1.html,tykee smith,24,,SR,70,SEC,,2023,0,0,0,0,14,0,20,4,https://www.sports-reference.com/cfb/players/tykee-smith-1.html,2,Tykee Smith,S/DB,2.0,Georgia,2026-04-01T19:53:46.585Z,46,season_totals,8.5
Tyler Nubin,SAF,2024,https://www.sports-reference.com/cfb/players/tyler-nubin-1.html,tyler nubin,19,,SR,53,Big Ten,,2023,1,1,0,0,12,0,66,5,https://www.sports-reference.com/cfb/players/tyler-nubin-1.html,4,Tyler Nubin,DB,1.0,Minnesota,2026-04-01T19:53:52.612Z,34,season_totals,1.0
Andrew Mukuba,SAF,2025,https://www.sports-reference.com/cfb/players/andrew-mukuba-1.html,andrew mukuba,28,,SR,69,SEC,,2024,1,0,0,0,15,0,12,5,https://www.sports-reference.com/cfb/players/andrew-mukuba-1.html,7,Andrew Mukuba,S/DB,0.0,Texas,2026-04-01T19:53:58.532Z,41,season_totals,4.0
Craig Woodson,SAF,2025,https://www.sports-reference.com/cfb/players/craig-woodson-1.html,craig woodson,25,,SR,70,ACC,,2024,0,1,0,0,13,0,0,2,https://www.sports-reference.com/cfb/players/criag-woodson-1.html,9,Craig Woodson,S/DB,0.0,California,2026-04-01T20:08:06.247Z,45,season_totals,2.5
Jaylen Reed,SAF,2025,https://www.sports-reference.com/cfb/players/jaylen-reed-1.html,jaylen reed,47,,SR,98,Big Ten,,2024,1,1,0,0,16,1,50,3,https://www.sports-reference.com/cfb/players/jaylen-reed-1.html,3,Jaylen Reed,S,2.5,Penn State,2026-04-01T19:55:06.531Z,51,season_totals,6.5
Jonas Sanker,SAF,2025,https://www.sports-reference.com/cfb/players/jonas-sanker-1.html,jonas sanker,33,,SR,98,ACC,,2024,0,2,1,40,12,0,45,1,https://www.sports-reference.com/cfb/players/jonas-sanker-1.html,4,Jonas Sanker,DB/S,2.0,Virginia,2026-04-01T19:55:18.541Z,65,season_totals,8.5
Lathan Ransom,SAF,2025,https://www.sports-reference.com/cfb/players/lathan-ransom-1.html,lathan ransom,30,,SR,76,Big Ten,,2024,3,1,1,27,15,0,24,1,https://www.sports-reference.com/cfb/players/lathan-ransom-1.html,2,Lathan Ransom,S/DB,1.0,Ohio State,2026-04-01T19:55:35.007Z,46,season_totals,9.0
Malachi Moore,SAF,2025,https://www.sports-reference.com/cfb/players/malachi-moore-1.html,malachi moore,0,,JR,1,ACC,,2015,0,0,0,0,10,0,0,0,https://www.sports-reference.com/cfb/players/malachi-moore-1.html,0,Malachi Moore,DL/DE,0.0,Boston College,2026-04-01T19:55:41.090Z,1,season_totals,0.0
Malaki Starks,SAF,2025,https://www.sports-reference.com/cfb/players/malaki-starks-1.html,malaki starks,25,,JR,77,SEC,,2024,0,0,0,0,14,0,0,1,https://www.sports-reference.com/cfb/players/malaki-starks-1.html,3,Malaki Starks,DB,0.0,Georgia,2026-04-01T19:55:47.280Z,52,season_totals,4.0
Nick Emmanwori,SAF,2025,https://www.sports-reference.com/cfb/players/nick-emmanwori-1.html,nick emmanwori,31,,JR,88,SEC,,2024,0,0,0,0,13,2,107,4,https://www.sports-reference.com/cfb/players/nick-emmanwori-1.html,2,Nick Emmanwori,DB,0.0,South Carolina,2026-04-01T19:55:59.149Z,57,season_totals,3.0
R.J. Mickens,SAF,2025,https://www.sports-reference.com/cfb/players/rj-mickens-1.html,r.j. mickens,31,,SR,75,ACC,,2024,0,0,0,0,13,0,6,2,https://www.sports-reference.com/cfb/players/rj-mickens-1.html,7,R.J. Mickens,S,0.0,Clemson,2026-04-01T19:56:17.241Z,44,season_totals,6.0
Xavier Watts,SAF,2025,https://www.sports-reference.com/cfb/players/xavier-watts-1.html,xavier watts,30,AA,SR,82,Ind,,2024,1,1,0,0,16,1,136,6,https://www.sports-reference.com/cfb/players/xavier-watts-1.html,10,Xavier Watts,WR/LB/S,0.0,Notre Dame,2026-04-01T19:56:50.473Z,52,season_totals,3.5
